index,class,time,state,score,title_ID,method,memory,timeconsume,student_ID
83,Class1,2024/1/2 16:07,Absolutely_Correct,3,Question_hZ5wXofebmTlzKB1jNcP,Method_5Q4KoXthUuYz3bvrTDFm,192,2,e89cdaa3f159a0d3f55e
84,Class1,2024/1/2 16:06,Absolutely_Correct,3,Question_hZ5wXofebmTlzKB1jNcP,Method_BXr9AIsPQhwNvyGdZL57,344,2,e89cdaa3f159a0d3f55e
85,Class1,2024/1/2 16:06,Absolutely_Correct,4,Question_FNg8X9v5zcbB1tQrxHR3,Method_m8vwGkEZc3TSW2xqYUoR,196,2,e89cdaa3f159a0d3f55e
86,Class1,2024/1/2 16:06,Absolutely_Correct,3,Question_hZ5wXofebmTlzKB1jNcP,Method_m8vwGkEZc3TSW2xqYUoR,192,2,e89cdaa3f159a0d3f55e
87,Class1,2024/1/2 15:44,Absolutely_Error,0,Question_hZ5wXofebmTlzKB1jNcP,Method_Cj9Ya2R7fZd6xs1q5mNQ,492,3,e89cdaa3f159a0d3f55e
88,Class1,2024/1/2 15:44,Absolutely_Error,0,Question_hZ5wXofebmTlzKB1jNcP,Method_BXr9AIsPQhwNvyGdZL57,192,2,e89cdaa3f159a0d3f55e
89,Class1,2024/1/2 15:43,Absolutely_Error,0,Question_hZ5wXofebmTlzKB1jNcP,Method_Cj9Ya2R7fZd6xs1q5mNQ,180,2,e89cdaa3f159a0d3f55e
90,Class1,2024/1/2 15:32,Absolutely_Error,0,Question_hZ5wXofebmTlzKB1jNcP,Method_gj1NLb4Jn7URf9K2kQPd,312,2,e89cdaa3f159a0d3f55e
91,Class1,2024/1/2 15:31,Error6,0,Question_hZ5wXofebmTlzKB1jNcP,Method_5Q4KoXthUuYz3bvrTDFm,320,3,e89cdaa3f159a0d3f55e
92,Class1,2024/1/2 15:27,Error6,0,Question_hZ5wXofebmTlzKB1jNcP,Method_Cj9Ya2R7fZd6xs1q5mNQ,312,2,e89cdaa3f159a0d3f55e
93,Class1,2024/1/2 15:26,Error6,0,Question_hZ5wXofebmTlzKB1jNcP,Method_gj1NLb4Jn7URf9K2kQPd,448,3,e89cdaa3f159a0d3f55e
94,Class1,2024/1/2 15:26,Error6,0,Question_hZ5wXofebmTlzKB1jNcP,Method_gj1NLb4Jn7URf9K2kQPd,324,3,e89cdaa3f159a0d3f55e
95,Class1,2024/1/2 15:25,Error6,0,Question_hZ5wXofebmTlzKB1jNcP,Method_5Q4KoXthUuYz3bvrTDFm,464,2,e89cdaa3f159a0d3f55e
96,Class1,2024/1/2 15:23,Error6,0,Question_hZ5wXofebmTlzKB1jNcP,Method_Cj9Ya2R7fZd6xs1q5mNQ,312,2,e89cdaa3f159a0d3f55e
150,Class1,2024/11/19 1:28,Partially_Correct,1,Question_QRm48lXxzdP7Tn1WgNOf,Method_gj1NLb4Jn7URf9K2kQPd,184,2,e89cdaa3f159a0d3f55e
151,Class1,2024/11/19 1:27,Partially_Correct,1,Question_QRm48lXxzdP7Tn1WgNOf,Method_gj1NLb4Jn7URf9K2kQPd,312,3,e89cdaa3f159a0d3f55e
152,Class1,2024/11/19 1:25,Partially_Correct,1,Question_QRm48lXxzdP7Tn1WgNOf,Method_5Q4KoXthUuYz3bvrTDFm,192,3,e89cdaa3f159a0d3f55e
153,Class1,2024/11/19 1:24,Error1,0,Question_QRm48lXxzdP7Tn1WgNOf,Method_Cj9Ya2R7fZd6xs1q5mNQ,0,2,e89cdaa3f159a0d3f55e
154,Class1,2024/11/19 1:24,Error1,0,Question_QRm48lXxzdP7Tn1WgNOf,Method_m8vwGkEZc3TSW2xqYUoR,0,3,e89cdaa3f159a0d3f55e
155,Class1,2024/11/19 1:24,Error1,0,Question_QRm48lXxzdP7Tn1WgNOf,Method_gj1NLb4Jn7URf9K2kQPd,0,1,e89cdaa3f159a0d3f55e
156,Class1,2024/11/19 1:16,Error1,0,Question_QRm48lXxzdP7Tn1WgNOf,Method_Cj9Ya2R7fZd6xs1q5mNQ,0,4,e89cdaa3f159a0d3f55e
157,Class1,2024/11/19 1:14,Error1,0,Question_QRm48lXxzdP7Tn1WgNOf,Method_5Q4KoXthUuYz3bvrTDFm,0,5,e89cdaa3f159a0d3f55e
158,Class1,2024/11/19 1:14,Error1,0,Question_QRm48lXxzdP7Tn1WgNOf,Method_5Q4KoXthUuYz3bvrTDFm,0,3,e89cdaa3f159a0d3f55e
159,Class1,2024/11/19 1:12,Error1,0,Question_QRm48lXxzdP7Tn1WgNOf,Method_m8vwGkEZc3TSW2xqYUoR,0,3,e89cdaa3f159a0d3f55e
160,Class1,2024/11/19 1:07,Error1,0,Question_QRm48lXxzdP7Tn1WgNOf,Method_m8vwGkEZc3TSW2xqYUoR,0,1,e89cdaa3f159a0d3f55e
161,Class1,2024/11/19 1:07,Error1,0,Question_QRm48lXxzdP7Tn1WgNOf,Method_gj1NLb4Jn7URf9K2kQPd,0,2,e89cdaa3f159a0d3f55e
163,Class1,2024/11/19 0:07,Error1,0,Question_QRm48lXxzdP7Tn1WgNOf,Method_Cj9Ya2R7fZd6xs1q5mNQ,0,2,e89cdaa3f159a0d3f55e
165,Class1,2024/11/19 0:02,Error1,0,Question_QRm48lXxzdP7Tn1WgNOf,Method_5Q4KoXthUuYz3bvrTDFm,0,3,e89cdaa3f159a0d3f55e
284,Class1,2024/11/18 0:03,Error1,0,Question_QRm48lXxzdP7Tn1WgNOf,Method_Cj9Ya2R7fZd6xs1q5mNQ,0,4,e89cdaa3f159a0d3f55e
285,Class1,2024/11/18 0:03,Error1,0,Question_QRm48lXxzdP7Tn1WgNOf,Method_Cj9Ya2R7fZd6xs1q5mNQ,0,2,e89cdaa3f159a0d3f55e
286,Class1,2024/11/18 0:02,Error1,0,Question_QRm48lXxzdP7Tn1WgNOf,Method_BXr9AIsPQhwNvyGdZL57,0,1,e89cdaa3f159a0d3f55e
292,Class1,2024/11/17 23:16,Absolutely_Correct,3,Question_Jr4Wz5jLqmN01KUwHa7g,Method_5Q4KoXthUuYz3bvrTDFm,328,4,e89cdaa3f159a0d3f55e
294,Class1,2024/11/17 23:15,Absolutely_Error,0,Question_Jr4Wz5jLqmN01KUwHa7g,Method_Cj9Ya2R7fZd6xs1q5mNQ,308,61,e89cdaa3f159a0d3f55e
295,Class1,2024/11/17 23:15,Absolutely_Correct,3,Question_Jr4Wz5jLqmN01KUwHa7g,Method_m8vwGkEZc3TSW2xqYUoR,324,3,e89cdaa3f159a0d3f55e
296,Class1,2024/11/17 23:14,Absolutely_Correct,3,Question_Jr4Wz5jLqmN01KUwHa7g,Method_BXr9AIsPQhwNvyGdZL57,336,4,e89cdaa3f159a0d3f55e
297,Class1,2024/11/17 23:11,Absolutely_Correct,3,Question_Jr4Wz5jLqmN01KUwHa7g,Method_m8vwGkEZc3TSW2xqYUoR,196,3,e89cdaa3f159a0d3f55e
298,Class1,2024/11/17 23:09,Absolutely_Error,0,Question_Jr4Wz5jLqmN01KUwHa7g,Method_BXr9AIsPQhwNvyGdZL57,328,4,e89cdaa3f159a0d3f55e
302,Class1,2024/11/17 23:03,Error1,0,Question_Jr4Wz5jLqmN01KUwHa7g,Method_5Q4KoXthUuYz3bvrTDFm,0,3,e89cdaa3f159a0d3f55e
303,Class1,2024/11/17 23:03,Error1,0,Question_Jr4Wz5jLqmN01KUwHa7g,Method_m8vwGkEZc3TSW2xqYUoR,0,2,e89cdaa3f159a0d3f55e
304,Class1,2024/11/17 23:01,Error1,0,Question_Jr4Wz5jLqmN01KUwHa7g,Method_5Q4KoXthUuYz3bvrTDFm,0,4,e89cdaa3f159a0d3f55e
307,Class1,2024/11/17 22:55,Error1,0,Question_Jr4Wz5jLqmN01KUwHa7g,Method_m8vwGkEZc3TSW2xqYUoR,0,4,e89cdaa3f159a0d3f55e
1298,Class1,2024/11/12 23:03,Error1,0,Question_Jr4Wz5jLqmN01KUwHa7g,Method_BXr9AIsPQhwNvyGdZL57,0,4,e89cdaa3f159a0d3f55e
1299,Class1,2024/11/12 22:58,Error1,0,Question_Jr4Wz5jLqmN01KUwHa7g,Method_Cj9Ya2R7fZd6xs1q5mNQ,0,1,e89cdaa3f159a0d3f55e
1302,Class1,2024/11/12 22:08,Error1,0,Question_Jr4Wz5jLqmN01KUwHa7g,Method_5Q4KoXthUuYz3bvrTDFm,0,3,e89cdaa3f159a0d3f55e
1303,Class1,2024/11/12 22:08,Error1,0,Question_Jr4Wz5jLqmN01KUwHa7g,Method_m8vwGkEZc3TSW2xqYUoR,0,2,e89cdaa3f159a0d3f55e
1304,Class1,2024/11/12 22:06,Error1,0,Question_Jr4Wz5jLqmN01KUwHa7g,Method_m8vwGkEZc3TSW2xqYUoR,0,1,e89cdaa3f159a0d3f55e
1305,Class1,2024/11/12 22:03,Error1,0,Question_Jr4Wz5jLqmN01KUwHa7g,Method_Cj9Ya2R7fZd6xs1q5mNQ,0,5,e89cdaa3f159a0d3f55e
1348,Class1,2024/11/11 22:13,Absolutely_Correct,3,Question_ZTbD7mxr2OUp8Fz6iNjy,Method_5Q4KoXthUuYz3bvrTDFm,344,3,e89cdaa3f159a0d3f55e
1357,Class1,2024/11/11 22:02,Absolutely_Correct,3,Question_7NJzCXUPcvQF4Mkfh9Wr,Method_m8vwGkEZc3TSW2xqYUoR,480,3,e89cdaa3f159a0d3f55e
1360,Class1,2024/11/11 22:01,Absolutely_Correct,3,Question_7NJzCXUPcvQF4Mkfh9Wr,Method_gj1NLb4Jn7URf9K2kQPd,344,3,e89cdaa3f159a0d3f55e
1363,Class1,2024/11/11 21:59,Absolutely_Error,0,Question_7NJzCXUPcvQF4Mkfh9Wr,Method_5Q4KoXthUuYz3bvrTDFm,352,3,e89cdaa3f159a0d3f55e
1380,Class1,2024/11/11 21:47,Absolutely_Error,0,Question_7NJzCXUPcvQF4Mkfh9Wr,Method_gj1NLb4Jn7URf9K2kQPd,376,3,e89cdaa3f159a0d3f55e
1381,Class1,2024/11/11 21:47,Error1,0,Question_7NJzCXUPcvQF4Mkfh9Wr,Method_gj1NLb4Jn7URf9K2kQPd,0,2,e89cdaa3f159a0d3f55e
1382,Class1,2024/11/11 21:46,Absolutely_Error,0,Question_7NJzCXUPcvQF4Mkfh9Wr,Method_BXr9AIsPQhwNvyGdZL57,468,3,e89cdaa3f159a0d3f55e
1383,Class1,2024/11/11 21:45,Error1,0,Question_7NJzCXUPcvQF4Mkfh9Wr,Method_gj1NLb4Jn7URf9K2kQPd,0,1,e89cdaa3f159a0d3f55e
1384,Class1,2024/11/11 21:25,Absolutely_Correct,3,Question_n2BTxIGw1Mc3Zo6RLdUe,Method_5Q4KoXthUuYz3bvrTDFm,348,4,e89cdaa3f159a0d3f55e
1385,Class1,2024/11/11 21:25,Error2,0,Question_n2BTxIGw1Mc3Zo6RLdUe,Method_5Q4KoXthUuYz3bvrTDFm,324,3,e89cdaa3f159a0d3f55e
1386,Class1,2024/11/11 21:23,Error2,0,Question_n2BTxIGw1Mc3Zo6RLdUe,Method_m8vwGkEZc3TSW2xqYUoR,316,3,e89cdaa3f159a0d3f55e
1387,Class1,2024/11/11 21:23,Error2,0,Question_n2BTxIGw1Mc3Zo6RLdUe,Method_m8vwGkEZc3TSW2xqYUoR,324,3,e89cdaa3f159a0d3f55e
1389,Class1,2024/11/11 21:23,Error2,0,Question_n2BTxIGw1Mc3Zo6RLdUe,Method_m8vwGkEZc3TSW2xqYUoR,316,2,e89cdaa3f159a0d3f55e
1392,Class1,2024/11/11 21:21,Absolutely_Error,0,Question_n2BTxIGw1Mc3Zo6RLdUe,Method_5Q4KoXthUuYz3bvrTDFm,336,5,e89cdaa3f159a0d3f55e
1393,Class1,2024/11/11 21:19,Error2,0,Question_n2BTxIGw1Mc3Zo6RLdUe,Method_m8vwGkEZc3TSW2xqYUoR,360,3,e89cdaa3f159a0d3f55e
1394,Class1,2024/11/11 21:18,Error2,0,Question_n2BTxIGw1Mc3Zo6RLdUe,Method_m8vwGkEZc3TSW2xqYUoR,468,3,e89cdaa3f159a0d3f55e
1395,Class1,2024/11/11 21:18,Error2,0,Question_n2BTxIGw1Mc3Zo6RLdUe,Method_m8vwGkEZc3TSW2xqYUoR,320,3,e89cdaa3f159a0d3f55e
1396,Class1,2024/11/11 21:18,Error2,0,Question_n2BTxIGw1Mc3Zo6RLdUe,Method_BXr9AIsPQhwNvyGdZL57,184,3,e89cdaa3f159a0d3f55e
1397,Class1,2024/11/11 21:17,Error2,0,Question_n2BTxIGw1Mc3Zo6RLdUe,Method_Cj9Ya2R7fZd6xs1q5mNQ,320,3,e89cdaa3f159a0d3f55e
1398,Class1,2024/11/11 21:17,Error2,0,Question_n2BTxIGw1Mc3Zo6RLdUe,Method_gj1NLb4Jn7URf9K2kQPd,360,2,e89cdaa3f159a0d3f55e
1399,Class1,2024/11/11 21:16,Error1,0,Question_n2BTxIGw1Mc3Zo6RLdUe,Method_m8vwGkEZc3TSW2xqYUoR,0,4,e89cdaa3f159a0d3f55e
1400,Class1,2024/11/11 21:15,Error1,0,Question_n2BTxIGw1Mc3Zo6RLdUe,Method_BXr9AIsPQhwNvyGdZL57,0,4,e89cdaa3f159a0d3f55e
1402,Class1,2024/11/11 21:14,Error1,0,Question_n2BTxIGw1Mc3Zo6RLdUe,Method_m8vwGkEZc3TSW2xqYUoR,0,2,e89cdaa3f159a0d3f55e
1569,Class1,2024/11/10 23:56,Error1,0,Question_n2BTxIGw1Mc3Zo6RLdUe,Method_Cj9Ya2R7fZd6xs1q5mNQ,0,3,e89cdaa3f159a0d3f55e
1570,Class1,2024/11/10 23:54,Error1,0,Question_n2BTxIGw1Mc3Zo6RLdUe,Method_Cj9Ya2R7fZd6xs1q5mNQ,0,5,e89cdaa3f159a0d3f55e
1571,Class1,2024/11/10 23:54,Error1,0,Question_n2BTxIGw1Mc3Zo6RLdUe,Method_m8vwGkEZc3TSW2xqYUoR,0,2,e89cdaa3f159a0d3f55e
1572,Class1,2024/11/10 23:53,Error1,0,Question_n2BTxIGw1Mc3Zo6RLdUe,Method_gj1NLb4Jn7URf9K2kQPd,0,2,e89cdaa3f159a0d3f55e
1573,Class1,2024/11/10 23:53,Error1,0,Question_n2BTxIGw1Mc3Zo6RLdUe,Method_5Q4KoXthUuYz3bvrTDFm,0,4,e89cdaa3f159a0d3f55e
1576,Class1,2024/11/10 23:44,Absolutely_Correct,3,Question_NixCn84GdK2tySa5rB1V,Method_Cj9Ya2R7fZd6xs1q5mNQ,320,3,e89cdaa3f159a0d3f55e
1577,Class1,2024/11/10 23:44,Error1,0,Question_NixCn84GdK2tySa5rB1V,Method_Cj9Ya2R7fZd6xs1q5mNQ,0,1,e89cdaa3f159a0d3f55e
1578,Class1,2024/11/10 23:43,Absolutely_Correct,3,Question_NixCn84GdK2tySa5rB1V,Method_m8vwGkEZc3TSW2xqYUoR,324,3,e89cdaa3f159a0d3f55e
1579,Class1,2024/11/10 23:42,Error1,0,Question_NixCn84GdK2tySa5rB1V,Method_m8vwGkEZc3TSW2xqYUoR,0,1,e89cdaa3f159a0d3f55e
1580,Class1,2024/11/10 23:42,Error1,0,Question_NixCn84GdK2tySa5rB1V,Method_gj1NLb4Jn7URf9K2kQPd,0,1,e89cdaa3f159a0d3f55e
1581,Class1,2024/11/10 23:41,Error1,0,Question_NixCn84GdK2tySa5rB1V,Method_5Q4KoXthUuYz3bvrTDFm,0,5,e89cdaa3f159a0d3f55e
1582,Class1,2024/11/10 23:40,Error1,0,Question_NixCn84GdK2tySa5rB1V,Method_gj1NLb4Jn7URf9K2kQPd,0,2,e89cdaa3f159a0d3f55e
1583,Class1,2024/11/10 23:40,Error1,0,Question_NixCn84GdK2tySa5rB1V,Method_5Q4KoXthUuYz3bvrTDFm,0,2,e89cdaa3f159a0d3f55e
1584,Class1,2024/11/10 23:39,Error1,0,Question_NixCn84GdK2tySa5rB1V,Method_BXr9AIsPQhwNvyGdZL57,0,4,e89cdaa3f159a0d3f55e
1585,Class1,2024/11/10 23:38,Error1,0,Question_NixCn84GdK2tySa5rB1V,Method_m8vwGkEZc3TSW2xqYUoR,0,1,e89cdaa3f159a0d3f55e
1586,Class1,2024/11/10 23:23,Absolutely_Correct,3,Question_TmKaGvfNoXYq4FZ2JrBu,Method_gj1NLb4Jn7URf9K2kQPd,348,3,e89cdaa3f159a0d3f55e
2025,Class1,2024/11/9 11:24,Error1,0,Question_TmKaGvfNoXYq4FZ2JrBu,Method_Cj9Ya2R7fZd6xs1q5mNQ,0,1,e89cdaa3f159a0d3f55e
2026,Class1,2024/11/9 11:24,Error1,0,Question_TmKaGvfNoXYq4FZ2JrBu,Method_BXr9AIsPQhwNvyGdZL57,0,4,e89cdaa3f159a0d3f55e
2027,Class1,2024/11/9 11:22,Error1,0,Question_TmKaGvfNoXYq4FZ2JrBu,Method_5Q4KoXthUuYz3bvrTDFm,0,5,e89cdaa3f159a0d3f55e
2028,Class1,2024/11/9 11:18,Error1,0,Question_TmKaGvfNoXYq4FZ2JrBu,Method_BXr9AIsPQhwNvyGdZL57,0,4,e89cdaa3f159a0d3f55e
2029,Class1,2024/11/9 11:12,Error1,0,Question_TmKaGvfNoXYq4FZ2JrBu,Method_BXr9AIsPQhwNvyGdZL57,0,5,e89cdaa3f159a0d3f55e
2030,Class1,2024/11/9 11:09,Error1,0,Question_TmKaGvfNoXYq4FZ2JrBu,Method_gj1NLb4Jn7URf9K2kQPd,0,5,e89cdaa3f159a0d3f55e
2039,Class1,2024/11/8 23:57,Absolutely_Correct,3,Question_4nHcauCQ0Y6Pm8DgKlLo,Method_BXr9AIsPQhwNvyGdZL57,196,2,e89cdaa3f159a0d3f55e
2040,Class1,2024/11/8 23:56,Partially_Correct,2,Question_4nHcauCQ0Y6Pm8DgKlLo,Method_m8vwGkEZc3TSW2xqYUoR,324,2,e89cdaa3f159a0d3f55e
2041,Class1,2024/11/8 23:55,Partially_Correct,2,Question_4nHcauCQ0Y6Pm8DgKlLo,Method_BXr9AIsPQhwNvyGdZL57,320,2,e89cdaa3f159a0d3f55e
2042,Class1,2024/11/8 23:52,Partially_Correct,1,Question_4nHcauCQ0Y6Pm8DgKlLo,Method_gj1NLb4Jn7URf9K2kQPd,320,3,e89cdaa3f159a0d3f55e
2043,Class1,2024/11/8 23:49,Partially_Correct,1,Question_4nHcauCQ0Y6Pm8DgKlLo,Method_5Q4KoXthUuYz3bvrTDFm,200,2,e89cdaa3f159a0d3f55e
2044,Class1,2024/11/8 23:47,Partially_Correct,1,Question_4nHcauCQ0Y6Pm8DgKlLo,Method_gj1NLb4Jn7URf9K2kQPd,320,2,e89cdaa3f159a0d3f55e
2045,Class1,2024/11/8 23:31,Error1,0,Question_4nHcauCQ0Y6Pm8DgKlLo,Method_BXr9AIsPQhwNvyGdZL57,0,4,e89cdaa3f159a0d3f55e
2046,Class1,2024/11/8 23:29,Error1,0,Question_4nHcauCQ0Y6Pm8DgKlLo,Method_5Q4KoXthUuYz3bvrTDFm,0,3,e89cdaa3f159a0d3f55e
2047,Class1,2024/11/8 23:28,Error1,0,Question_4nHcauCQ0Y6Pm8DgKlLo,Method_5Q4KoXthUuYz3bvrTDFm,0,4,e89cdaa3f159a0d3f55e
2048,Class1,2024/11/8 23:26,Error1,0,Question_4nHcauCQ0Y6Pm8DgKlLo,Method_Cj9Ya2R7fZd6xs1q5mNQ,0,5,e89cdaa3f159a0d3f55e
2049,Class1,2024/11/8 23:18,Error1,0,Question_4nHcauCQ0Y6Pm8DgKlLo,Method_gj1NLb4Jn7URf9K2kQPd,0,4,e89cdaa3f159a0d3f55e
2050,Class1,2024/11/8 23:18,Error1,0,Question_4nHcauCQ0Y6Pm8DgKlLo,Method_Cj9Ya2R7fZd6xs1q5mNQ,0,3,e89cdaa3f159a0d3f55e
2051,Class1,2024/11/8 23:13,Error1,0,Question_4nHcauCQ0Y6Pm8DgKlLo,Method_BXr9AIsPQhwNvyGdZL57,0,2,e89cdaa3f159a0d3f55e
2052,Class1,2024/11/8 23:10,Error1,0,Question_4nHcauCQ0Y6Pm8DgKlLo,Method_Cj9Ya2R7fZd6xs1q5mNQ,0,2,e89cdaa3f159a0d3f55e
2053,Class1,2024/11/8 23:09,Error1,0,Question_4nHcauCQ0Y6Pm8DgKlLo,Method_5Q4KoXthUuYz3bvrTDFm,0,1,e89cdaa3f159a0d3f55e
2054,Class1,2024/11/8 23:08,Error1,0,Question_4nHcauCQ0Y6Pm8DgKlLo,Method_5Q4KoXthUuYz3bvrTDFm,0,4,e89cdaa3f159a0d3f55e
2085,Class1,2024/11/8 22:43,Absolutely_Correct,3,Question_6RQj2gF3OeK5AmDvThUV,Method_BXr9AIsPQhwNvyGdZL57,344,3,e89cdaa3f159a0d3f55e
2086,Class1,2024/11/8 22:39,Absolutely_Correct,3,Question_6RQj2gF3OeK5AmDvThUV,Method_gj1NLb4Jn7URf9K2kQPd,344,3,e89cdaa3f159a0d3f55e
2087,Class1,2024/11/8 22:38,Error1,0,Question_6RQj2gF3OeK5AmDvThUV,Method_gj1NLb4Jn7URf9K2kQPd,0,2,e89cdaa3f159a0d3f55e
2088,Class1,2024/11/8 22:37,Absolutely_Correct,3,Question_6RQj2gF3OeK5AmDvThUV,Method_BXr9AIsPQhwNvyGdZL57,460,3,e89cdaa3f159a0d3f55e
2096,Class1,2024/11/8 22:18,Absolutely_Correct,3,Question_6RQj2gF3OeK5AmDvThUV,Method_BXr9AIsPQhwNvyGdZL57,324,3,e89cdaa3f159a0d3f55e
2097,Class1,2024/11/8 22:17,Error1,0,Question_6RQj2gF3OeK5AmDvThUV,Method_m8vwGkEZc3TSW2xqYUoR,0,3,e89cdaa3f159a0d3f55e
2300,Class1,2024/12/23 22:48,Absolutely_Correct,3,Question_bumGRTJ0c8p4v5D6eHZa,Method_gj1NLb4Jn7URf9K2kQPd,308,3,e89cdaa3f159a0d3f55e
2301,Class1,2024/12/23 22:47,Absolutely_Correct,3,Question_bumGRTJ0c8p4v5D6eHZa,Method_BXr9AIsPQhwNvyGdZL57,348,3,e89cdaa3f159a0d3f55e
2302,Class1,2024/12/23 22:47,Error2,0,Question_bumGRTJ0c8p4v5D6eHZa,Method_gj1NLb4Jn7URf9K2kQPd,344,3,e89cdaa3f159a0d3f55e
2304,Class1,2024/12/23 22:46,Absolutely_Correct,3,Question_bumGRTJ0c8p4v5D6eHZa,Method_BXr9AIsPQhwNvyGdZL57,320,3,e89cdaa3f159a0d3f55e
2305,Class1,2024/12/23 22:46,Absolutely_Correct,3,Question_bumGRTJ0c8p4v5D6eHZa,Method_m8vwGkEZc3TSW2xqYUoR,332,3,e89cdaa3f159a0d3f55e
2306,Class1,2024/12/23 22:46,Absolutely_Correct,3,Question_bumGRTJ0c8p4v5D6eHZa,Method_Cj9Ya2R7fZd6xs1q5mNQ,324,3,e89cdaa3f159a0d3f55e
2309,Class1,2024/12/23 22:32,Absolutely_Correct,3,Question_bumGRTJ0c8p4v5D6eHZa,Method_Cj9Ya2R7fZd6xs1q5mNQ,312,2,e89cdaa3f159a0d3f55e
2311,Class1,2024/12/23 22:24,Error4,0,Question_bumGRTJ0c8p4v5D6eHZa,Method_m8vwGkEZc3TSW2xqYUoR,480,3,e89cdaa3f159a0d3f55e
2312,Class1,2024/12/23 22:21,Error4,0,Question_bumGRTJ0c8p4v5D6eHZa,Method_Cj9Ya2R7fZd6xs1q5mNQ,444,4,e89cdaa3f159a0d3f55e
2313,Class1,2024/12/23 22:19,Error4,0,Question_bumGRTJ0c8p4v5D6eHZa,Method_BXr9AIsPQhwNvyGdZL57,440,5,e89cdaa3f159a0d3f55e
2315,Class1,2024/12/23 22:18,Error4,0,Question_bumGRTJ0c8p4v5D6eHZa,Method_m8vwGkEZc3TSW2xqYUoR,324,3,e89cdaa3f159a0d3f55e
2316,Class1,2024/12/23 22:18,Error4,0,Question_bumGRTJ0c8p4v5D6eHZa,Method_5Q4KoXthUuYz3bvrTDFm,568,3,e89cdaa3f159a0d3f55e
2318,Class1,2024/12/23 22:18,Error4,0,Question_bumGRTJ0c8p4v5D6eHZa,Method_5Q4KoXthUuYz3bvrTDFm,444,3,e89cdaa3f159a0d3f55e
2319,Class1,2024/12/23 22:17,Error4,0,Question_bumGRTJ0c8p4v5D6eHZa,Method_Cj9Ya2R7fZd6xs1q5mNQ,316,3,e89cdaa3f159a0d3f55e
2320,Class1,2024/12/23 22:16,Error4,0,Question_bumGRTJ0c8p4v5D6eHZa,Method_5Q4KoXthUuYz3bvrTDFm,324,3,e89cdaa3f159a0d3f55e
2321,Class1,2024/12/23 22:15,Error1,0,Question_bumGRTJ0c8p4v5D6eHZa,Method_gj1NLb4Jn7URf9K2kQPd,0,2,e89cdaa3f159a0d3f55e
2322,Class1,2024/12/23 22:14,Error1,0,Question_bumGRTJ0c8p4v5D6eHZa,Method_m8vwGkEZc3TSW2xqYUoR,0,4,e89cdaa3f159a0d3f55e
2329,Class1,2024/12/23 20:43,Error1,0,Question_bumGRTJ0c8p4v5D6eHZa,Method_5Q4KoXthUuYz3bvrTDFm,0,3,e89cdaa3f159a0d3f55e
2342,Class1,2024/12/23 19:31,Absolutely_Error,0,Question_xqlJkmRaP0otZcX4fK3W,Method_m8vwGkEZc3TSW2xqYUoR,340,4,e89cdaa3f159a0d3f55e
2343,Class1,2024/12/23 19:27,Absolutely_Error,0,Question_xqlJkmRaP0otZcX4fK3W,Method_5Q4KoXthUuYz3bvrTDFm,360,5,e89cdaa3f159a0d3f55e
2344,Class1,2024/12/23 19:22,Absolutely_Error,0,Question_xqlJkmRaP0otZcX4fK3W,Method_m8vwGkEZc3TSW2xqYUoR,348,5,e89cdaa3f159a0d3f55e
2347,Class1,2024/12/23 19:17,Absolutely_Error,0,Question_xqlJkmRaP0otZcX4fK3W,Method_m8vwGkEZc3TSW2xqYUoR,352,6,e89cdaa3f159a0d3f55e
2349,Class1,2024/12/23 19:16,Absolutely_Error,0,Question_xqlJkmRaP0otZcX4fK3W,Method_m8vwGkEZc3TSW2xqYUoR,380,7,e89cdaa3f159a0d3f55e
2850,Class1,2024/12/23 19:16,Absolutely_Error,0,Question_xqlJkmRaP0otZcX4fK3W,Method_Cj9Ya2R7fZd6xs1q5mNQ,460,4,e89cdaa3f159a0d3f55e
2851,Class1,2024/12/23 19:15,Absolutely_Error,0,Question_xqlJkmRaP0otZcX4fK3W,Method_BXr9AIsPQhwNvyGdZL57,364,6,e89cdaa3f159a0d3f55e
2852,Class1,2024/12/23 19:15,Absolutely_Error,0,Question_xqlJkmRaP0otZcX4fK3W,Method_BXr9AIsPQhwNvyGdZL57,348,5,e89cdaa3f159a0d3f55e
2853,Class1,2024/12/23 19:09,Absolutely_Error,0,Question_xqlJkmRaP0otZcX4fK3W,Method_gj1NLb4Jn7URf9K2kQPd,348,6,e89cdaa3f159a0d3f55e
2854,Class1,2024/12/23 19:09,Error1,0,Question_xqlJkmRaP0otZcX4fK3W,Method_5Q4KoXthUuYz3bvrTDFm,0,4,e89cdaa3f159a0d3f55e
2855,Class1,2024/12/23 18:54,Absolutely_Error,0,Question_xqlJkmRaP0otZcX4fK3W,Method_m8vwGkEZc3TSW2xqYUoR,204,3,e89cdaa3f159a0d3f55e
2856,Class1,2024/12/23 18:54,Absolutely_Error,0,Question_xqlJkmRaP0otZcX4fK3W,Method_5Q4KoXthUuYz3bvrTDFm,332,5,e89cdaa3f159a0d3f55e
2857,Class1,2024/12/23 18:53,Absolutely_Error,0,Question_xqlJkmRaP0otZcX4fK3W,Method_Cj9Ya2R7fZd6xs1q5mNQ,348,7,e89cdaa3f159a0d3f55e
2858,Class1,2024/12/23 18:51,Absolutely_Error,0,Question_xqlJkmRaP0otZcX4fK3W,Method_m8vwGkEZc3TSW2xqYUoR,328,4,e89cdaa3f159a0d3f55e
2859,Class1,2024/12/23 18:51,Absolutely_Error,0,Question_xqlJkmRaP0otZcX4fK3W,Method_BXr9AIsPQhwNvyGdZL57,204,5,e89cdaa3f159a0d3f55e
2879,Class1,2024/12/23 16:17,Absolutely_Correct,3,Question_X3wF8QlTyi4mZkDp9Kae,Method_gj1NLb4Jn7URf9K2kQPd,488,5,e89cdaa3f159a0d3f55e
3715,Class1,2024/11/1 0:24,Error1,0,Question_6RQj2gF3OeK5AmDvThUV,Method_Cj9Ya2R7fZd6xs1q5mNQ,0,1,e89cdaa3f159a0d3f55e
3716,Class1,2024/11/1 0:12,Error1,0,Question_6RQj2gF3OeK5AmDvThUV,Method_m8vwGkEZc3TSW2xqYUoR,0,4,e89cdaa3f159a0d3f55e
3717,Class1,2024/10/31 23:51,Absolutely_Correct,3,Question_h7pXNg80nJbw1C4kAPRm,Method_5Q4KoXthUuYz3bvrTDFm,312,2,e89cdaa3f159a0d3f55e
3718,Class1,2024/10/31 23:49,Absolutely_Error,0,Question_h7pXNg80nJbw1C4kAPRm,Method_Cj9Ya2R7fZd6xs1q5mNQ,328,3,e89cdaa3f159a0d3f55e
3719,Class1,2024/10/31 23:49,Error1,0,Question_h7pXNg80nJbw1C4kAPRm,Method_gj1NLb4Jn7URf9K2kQPd,0,1,e89cdaa3f159a0d3f55e
3720,Class1,2024/10/31 23:48,Error1,0,Question_h7pXNg80nJbw1C4kAPRm,Method_m8vwGkEZc3TSW2xqYUoR,0,1,e89cdaa3f159a0d3f55e
3721,Class1,2024/10/31 23:47,Error1,0,Question_h7pXNg80nJbw1C4kAPRm,Method_Cj9Ya2R7fZd6xs1q5mNQ,0,2,e89cdaa3f159a0d3f55e
3723,Class1,2024/10/31 23:22,Absolutely_Correct,2,Question_s6VmP1G4UbEQWRYHK9Fd,Method_gj1NLb4Jn7URf9K2kQPd,336,2,e89cdaa3f159a0d3f55e
3733,Class1,2024/10/31 22:51,Absolutely_Correct,2,Question_tgOjrpZLw4RdVzQx85h6,Method_5Q4KoXthUuYz3bvrTDFm,328,3,e89cdaa3f159a0d3f55e
3734,Class1,2024/10/31 22:51,Partially_Correct,1,Question_tgOjrpZLw4RdVzQx85h6,Method_Cj9Ya2R7fZd6xs1q5mNQ,316,3,e89cdaa3f159a0d3f55e
3735,Class1,2024/10/31 22:49,Partially_Correct,1,Question_tgOjrpZLw4RdVzQx85h6,Method_m8vwGkEZc3TSW2xqYUoR,196,2,e89cdaa3f159a0d3f55e
3737,Class1,2024/10/31 22:47,Partially_Correct,1,Question_tgOjrpZLw4RdVzQx85h6,Method_gj1NLb4Jn7URf9K2kQPd,260,3,e89cdaa3f159a0d3f55e
3738,Class1,2024/10/31 22:46,Partially_Correct,1,Question_tgOjrpZLw4RdVzQx85h6,Method_Cj9Ya2R7fZd6xs1q5mNQ,344,3,e89cdaa3f159a0d3f55e
3741,Class1,2024/10/31 22:46,Error1,0,Question_tgOjrpZLw4RdVzQx85h6,Method_m8vwGkEZc3TSW2xqYUoR,0,3,e89cdaa3f159a0d3f55e
3744,Class1,2024/10/31 22:45,Partially_Correct,1,Question_tgOjrpZLw4RdVzQx85h6,Method_m8vwGkEZc3TSW2xqYUoR,328,2,e89cdaa3f159a0d3f55e
3761,Class1,2024/10/31 22:30,Absolutely_Correct,2,Question_x2L7AqbMuTjCwPFy6vNr,Method_Cj9Ya2R7fZd6xs1q5mNQ,320,3,e89cdaa3f159a0d3f55e
3763,Class1,2024/10/31 22:28,Absolutely_Error,0,Question_x2L7AqbMuTjCwPFy6vNr,Method_Cj9Ya2R7fZd6xs1q5mNQ,328,2,e89cdaa3f159a0d3f55e
3768,Class1,2024/10/31 22:25,Absolutely_Error,0,Question_x2L7AqbMuTjCwPFy6vNr,Method_5Q4KoXthUuYz3bvrTDFm,348,2,e89cdaa3f159a0d3f55e
3776,Class1,2024/10/31 22:01,Absolutely_Correct,2,Question_3MwAFlmNO8EKrpY5zjUd,Method_Cj9Ya2R7fZd6xs1q5mNQ,348,2,e89cdaa3f159a0d3f55e
3778,Class1,2024/10/31 22:00,Partially_Correct,1,Question_3MwAFlmNO8EKrpY5zjUd,Method_gj1NLb4Jn7URf9K2kQPd,312,3,e89cdaa3f159a0d3f55e
3781,Class1,2024/10/31 21:58,Absolutely_Correct,2,Question_3MwAFlmNO8EKrpY5zjUd,Method_5Q4KoXthUuYz3bvrTDFm,320,3,e89cdaa3f159a0d3f55e
3782,Class1,2024/10/31 21:58,Partially_Correct,1,Question_3MwAFlmNO8EKrpY5zjUd,Method_Cj9Ya2R7fZd6xs1q5mNQ,196,3,e89cdaa3f159a0d3f55e
3783,Class1,2024/10/31 21:58,Absolutely_Correct,2,Question_3MwAFlmNO8EKrpY5zjUd,Method_gj1NLb4Jn7URf9K2kQPd,348,3,e89cdaa3f159a0d3f55e
3784,Class1,2024/10/31 21:57,Partially_Correct,1,Question_3MwAFlmNO8EKrpY5zjUd,Method_m8vwGkEZc3TSW2xqYUoR,456,4,e89cdaa3f159a0d3f55e
3785,Class1,2024/10/31 21:55,Partially_Correct,1,Question_3MwAFlmNO8EKrpY5zjUd,Method_m8vwGkEZc3TSW2xqYUoR,196,2,e89cdaa3f159a0d3f55e
3787,Class1,2024/10/31 21:55,Partially_Correct,1,Question_3MwAFlmNO8EKrpY5zjUd,Method_5Q4KoXthUuYz3bvrTDFm,332,3,e89cdaa3f159a0d3f55e
3789,Class1,2024/10/31 21:53,Partially_Correct,1,Question_3MwAFlmNO8EKrpY5zjUd,Method_BXr9AIsPQhwNvyGdZL57,324,3,e89cdaa3f159a0d3f55e
3790,Class1,2024/10/31 21:53,Error1,0,Question_3MwAFlmNO8EKrpY5zjUd,Method_5Q4KoXthUuYz3bvrTDFm,0,3,e89cdaa3f159a0d3f55e
3793,Class1,2024/10/31 21:51,Partially_Correct,1,Question_3MwAFlmNO8EKrpY5zjUd,Method_5Q4KoXthUuYz3bvrTDFm,324,3,e89cdaa3f159a0d3f55e
3794,Class1,2024/10/31 21:51,Partially_Correct,1,Question_3MwAFlmNO8EKrpY5zjUd,Method_gj1NLb4Jn7URf9K2kQPd,192,3,e89cdaa3f159a0d3f55e
3802,Class1,2024/10/31 21:39,Partially_Correct,1,Question_3MwAFlmNO8EKrpY5zjUd,Method_m8vwGkEZc3TSW2xqYUoR,316,3,e89cdaa3f159a0d3f55e
3803,Class1,2024/10/31 21:34,Partially_Correct,1,Question_3MwAFlmNO8EKrpY5zjUd,Method_gj1NLb4Jn7URf9K2kQPd,320,2,e89cdaa3f159a0d3f55e
3990,Class1,2024/12/22 22:50,Absolutely_Error,0,Question_FNg8X9v5zcbB1tQrxHR3,Method_Cj9Ya2R7fZd6xs1q5mNQ,348,3,e89cdaa3f159a0d3f55e
3995,Class1,2024/12/22 22:42,Error3,0,Question_FNg8X9v5zcbB1tQrxHR3,Method_Cj9Ya2R7fZd6xs1q5mNQ,332,3,e89cdaa3f159a0d3f55e
3996,Class1,2024/12/22 22:42,Error3,0,Question_FNg8X9v5zcbB1tQrxHR3,Method_BXr9AIsPQhwNvyGdZL57,320,4,e89cdaa3f159a0d3f55e
3997,Class1,2024/12/22 22:41,Error3,0,Question_FNg8X9v5zcbB1tQrxHR3,Method_m8vwGkEZc3TSW2xqYUoR,348,3,e89cdaa3f159a0d3f55e
3998,Class1,2024/12/22 22:40,Error3,0,Question_FNg8X9v5zcbB1tQrxHR3,Method_gj1NLb4Jn7URf9K2kQPd,192,5,e89cdaa3f159a0d3f55e
3999,Class1,2024/12/22 22:34,Absolutely_Error,0,Question_FNg8X9v5zcbB1tQrxHR3,Method_gj1NLb4Jn7URf9K2kQPd,336,3,e89cdaa3f159a0d3f55e
4500,Class1,2024/12/22 22:34,Error1,0,Question_FNg8X9v5zcbB1tQrxHR3,Method_5Q4KoXthUuYz3bvrTDFm,0,5,e89cdaa3f159a0d3f55e
4501,Class1,2024/12/22 22:31,Error1,0,Question_FNg8X9v5zcbB1tQrxHR3,Method_Cj9Ya2R7fZd6xs1q5mNQ,0,3,e89cdaa3f159a0d3f55e
4502,Class1,2024/12/22 22:29,Absolutely_Error,0,Question_FNg8X9v5zcbB1tQrxHR3,Method_gj1NLb4Jn7URf9K2kQPd,640,4,e89cdaa3f159a0d3f55e
4503,Class1,2024/12/22 22:28,Absolutely_Error,0,Question_FNg8X9v5zcbB1tQrxHR3,Method_gj1NLb4Jn7URf9K2kQPd,372,3,e89cdaa3f159a0d3f55e
4505,Class1,2024/12/22 22:18,Absolutely_Error,0,Question_FNg8X9v5zcbB1tQrxHR3,Method_gj1NLb4Jn7URf9K2kQPd,620,4,e89cdaa3f159a0d3f55e
4506,Class1,2024/12/22 22:17,Absolutely_Error,0,Question_FNg8X9v5zcbB1tQrxHR3,Method_m8vwGkEZc3TSW2xqYUoR,308,3,e89cdaa3f159a0d3f55e
4507,Class1,2024/12/22 22:12,Absolutely_Error,0,Question_FNg8X9v5zcbB1tQrxHR3,Method_BXr9AIsPQhwNvyGdZL57,348,3,e89cdaa3f159a0d3f55e
4508,Class1,2024/12/22 22:12,Error2,0,Question_FNg8X9v5zcbB1tQrxHR3,Method_Cj9Ya2R7fZd6xs1q5mNQ,316,2,e89cdaa3f159a0d3f55e
4509,Class1,2024/12/22 22:11,Error2,0,Question_FNg8X9v5zcbB1tQrxHR3,Method_m8vwGkEZc3TSW2xqYUoR,344,3,e89cdaa3f159a0d3f55e
4511,Class1,2024/12/22 22:07,Error3,0,Question_FNg8X9v5zcbB1tQrxHR3,Method_Cj9Ya2R7fZd6xs1q5mNQ,192,5,e89cdaa3f159a0d3f55e
4512,Class1,2024/12/22 22:05,Error3,0,Question_FNg8X9v5zcbB1tQrxHR3,Method_BXr9AIsPQhwNvyGdZL57,332,4,e89cdaa3f159a0d3f55e
4514,Class1,2024/12/22 22:04,Absolutely_Error,0,Question_FNg8X9v5zcbB1tQrxHR3,Method_BXr9AIsPQhwNvyGdZL57,420,3,e89cdaa3f159a0d3f55e
4515,Class1,2024/12/22 22:04,Absolutely_Error,0,Question_FNg8X9v5zcbB1tQrxHR3,Method_Cj9Ya2R7fZd6xs1q5mNQ,324,5,e89cdaa3f159a0d3f55e
4517,Class1,2024/12/22 22:03,Error2,0,Question_FNg8X9v5zcbB1tQrxHR3,Method_BXr9AIsPQhwNvyGdZL57,348,4,e89cdaa3f159a0d3f55e
4520,Class1,2024/12/22 22:02,Error2,0,Question_FNg8X9v5zcbB1tQrxHR3,Method_m8vwGkEZc3TSW2xqYUoR,364,4,e89cdaa3f159a0d3f55e
4521,Class1,2024/12/22 22:00,Absolutely_Error,0,Question_FNg8X9v5zcbB1tQrxHR3,Method_gj1NLb4Jn7URf9K2kQPd,344,3,e89cdaa3f159a0d3f55e
4522,Class1,2024/12/22 21:58,Error2,0,Question_FNg8X9v5zcbB1tQrxHR3,Method_m8vwGkEZc3TSW2xqYUoR,332,4,e89cdaa3f159a0d3f55e
4523,Class1,2024/12/22 21:57,Error2,0,Question_FNg8X9v5zcbB1tQrxHR3,Method_5Q4KoXthUuYz3bvrTDFm,308,3,e89cdaa3f159a0d3f55e
4524,Class1,2024/12/22 21:54,Error2,0,Question_FNg8X9v5zcbB1tQrxHR3,Method_BXr9AIsPQhwNvyGdZL57,308,3,e89cdaa3f159a0d3f55e
4525,Class1,2024/12/22 21:52,Error2,0,Question_FNg8X9v5zcbB1tQrxHR3,Method_BXr9AIsPQhwNvyGdZL57,184,4,e89cdaa3f159a0d3f55e
4526,Class1,2024/12/22 21:52,Error2,0,Question_FNg8X9v5zcbB1tQrxHR3,Method_BXr9AIsPQhwNvyGdZL57,476,3,e89cdaa3f159a0d3f55e
4527,Class1,2024/12/22 21:50,Absolutely_Error,0,Question_FNg8X9v5zcbB1tQrxHR3,Method_BXr9AIsPQhwNvyGdZL57,328,3,e89cdaa3f159a0d3f55e
4528,Class1,2024/12/22 21:49,Absolutely_Error,0,Question_FNg8X9v5zcbB1tQrxHR3,Method_BXr9AIsPQhwNvyGdZL57,344,3,e89cdaa3f159a0d3f55e
4531,Class1,2024/12/22 21:48,Absolutely_Error,0,Question_FNg8X9v5zcbB1tQrxHR3,Method_m8vwGkEZc3TSW2xqYUoR,336,4,e89cdaa3f159a0d3f55e
4532,Class1,2024/12/22 21:48,Absolutely_Error,0,Question_FNg8X9v5zcbB1tQrxHR3,Method_BXr9AIsPQhwNvyGdZL57,348,5,e89cdaa3f159a0d3f55e
4533,Class1,2024/12/22 21:47,Absolutely_Error,0,Question_FNg8X9v5zcbB1tQrxHR3,Method_m8vwGkEZc3TSW2xqYUoR,480,4,e89cdaa3f159a0d3f55e
4536,Class1,2024/12/22 21:44,Absolutely_Error,0,Question_FNg8X9v5zcbB1tQrxHR3,Method_Cj9Ya2R7fZd6xs1q5mNQ,320,3,e89cdaa3f159a0d3f55e
4539,Class1,2024/12/22 21:42,Absolutely_Error,0,Question_FNg8X9v5zcbB1tQrxHR3,Method_gj1NLb4Jn7URf9K2kQPd,472,3,e89cdaa3f159a0d3f55e
4541,Class1,2024/12/22 21:42,Absolutely_Error,0,Question_FNg8X9v5zcbB1tQrxHR3,Method_BXr9AIsPQhwNvyGdZL57,324,2,e89cdaa3f159a0d3f55e
4543,Class1,2024/12/22 21:41,Absolutely_Error,0,Question_FNg8X9v5zcbB1tQrxHR3,Method_m8vwGkEZc3TSW2xqYUoR,344,3,e89cdaa3f159a0d3f55e
4546,Class1,2024/12/22 21:40,Absolutely_Error,0,Question_FNg8X9v5zcbB1tQrxHR3,Method_Cj9Ya2R7fZd6xs1q5mNQ,308,4,e89cdaa3f159a0d3f55e
4547,Class1,2024/12/22 21:39,Error2,0,Question_FNg8X9v5zcbB1tQrxHR3,Method_5Q4KoXthUuYz3bvrTDFm,384,3,e89cdaa3f159a0d3f55e
4548,Class1,2024/12/22 21:35,Error2,0,Question_FNg8X9v5zcbB1tQrxHR3,Method_5Q4KoXthUuYz3bvrTDFm,324,3,e89cdaa3f159a0d3f55e
4549,Class1,2024/12/22 21:34,Error2,0,Question_FNg8X9v5zcbB1tQrxHR3,Method_BXr9AIsPQhwNvyGdZL57,344,3,e89cdaa3f159a0d3f55e
4781,Class1,2024/10/26 0:04,Partially_Correct,1,Question_3MwAFlmNO8EKrpY5zjUd,Method_5Q4KoXthUuYz3bvrTDFm,460,4,e89cdaa3f159a0d3f55e
4796,Class1,2024/10/25 23:26,Absolutely_Correct,2,Question_3oPyUzDmQtcMfLpGZ0jW,Method_5Q4KoXthUuYz3bvrTDFm,344,6,e89cdaa3f159a0d3f55e
4800,Class1,2024/10/25 23:21,Error1,0,Question_3oPyUzDmQtcMfLpGZ0jW,Method_m8vwGkEZc3TSW2xqYUoR,0,3,e89cdaa3f159a0d3f55e
4807,Class1,2024/10/25 23:07,Error1,0,Question_3oPyUzDmQtcMfLpGZ0jW,Method_gj1NLb4Jn7URf9K2kQPd,0,1,e89cdaa3f159a0d3f55e
4808,Class1,2024/10/25 23:07,Error1,0,Question_3oPyUzDmQtcMfLpGZ0jW,Method_5Q4KoXthUuYz3bvrTDFm,0,2,e89cdaa3f159a0d3f55e
4809,Class1,2024/10/25 23:05,Error1,0,Question_3oPyUzDmQtcMfLpGZ0jW,Method_Cj9Ya2R7fZd6xs1q5mNQ,0,3,e89cdaa3f159a0d3f55e
4810,Class1,2024/10/25 23:04,Error1,0,Question_3oPyUzDmQtcMfLpGZ0jW,Method_BXr9AIsPQhwNvyGdZL57,0,2,e89cdaa3f159a0d3f55e
4811,Class1,2024/10/25 23:03,Error1,0,Question_3oPyUzDmQtcMfLpGZ0jW,Method_Cj9Ya2R7fZd6xs1q5mNQ,0,5,e89cdaa3f159a0d3f55e
4812,Class1,2024/10/25 23:01,Absolutely_Error,0,Question_3oPyUzDmQtcMfLpGZ0jW,Method_Cj9Ya2R7fZd6xs1q5mNQ,196,4,e89cdaa3f159a0d3f55e
4813,Class1,2024/10/25 23:00,Absolutely_Error,0,Question_3oPyUzDmQtcMfLpGZ0jW,Method_gj1NLb4Jn7URf9K2kQPd,196,5,e89cdaa3f159a0d3f55e
4814,Class1,2024/10/25 22:59,Absolutely_Error,0,Question_3oPyUzDmQtcMfLpGZ0jW,Method_m8vwGkEZc3TSW2xqYUoR,208,3,e89cdaa3f159a0d3f55e
4815,Class1,2024/10/25 22:59,Absolutely_Error,0,Question_3oPyUzDmQtcMfLpGZ0jW,Method_BXr9AIsPQhwNvyGdZL57,324,5,e89cdaa3f159a0d3f55e
4816,Class1,2024/10/25 22:58,Absolutely_Error,0,Question_3oPyUzDmQtcMfLpGZ0jW,Method_gj1NLb4Jn7URf9K2kQPd,312,5,e89cdaa3f159a0d3f55e
4821,Class1,2024/10/25 22:40,Absolutely_Error,0,Question_3oPyUzDmQtcMfLpGZ0jW,Method_Cj9Ya2R7fZd6xs1q5mNQ,316,4,e89cdaa3f159a0d3f55e
4828,Class1,2024/10/25 22:31,Absolutely_Error,0,Question_3oPyUzDmQtcMfLpGZ0jW,Method_5Q4KoXthUuYz3bvrTDFm,324,8,e89cdaa3f159a0d3f55e
4829,Class1,2024/10/25 22:28,Error1,0,Question_3oPyUzDmQtcMfLpGZ0jW,Method_m8vwGkEZc3TSW2xqYUoR,0,1,e89cdaa3f159a0d3f55e
4831,Class1,2024/10/25 22:25,Error1,0,Question_3oPyUzDmQtcMfLpGZ0jW,Method_BXr9AIsPQhwNvyGdZL57,0,3,e89cdaa3f159a0d3f55e
4832,Class1,2024/10/25 22:24,Error1,0,Question_3oPyUzDmQtcMfLpGZ0jW,Method_BXr9AIsPQhwNvyGdZL57,0,4,e89cdaa3f159a0d3f55e
4833,Class1,2024/10/25 22:23,Error1,0,Question_3oPyUzDmQtcMfLpGZ0jW,Method_5Q4KoXthUuYz3bvrTDFm,0,1,e89cdaa3f159a0d3f55e
4838,Class1,2024/10/25 22:04,Absolutely_Correct,1,Question_rvB9mVE6Kbd8jAY4NwPx,Method_BXr9AIsPQhwNvyGdZL57,188,4,e89cdaa3f159a0d3f55e
4839,Class1,2024/10/25 22:02,Absolutely_Error,0,Question_rvB9mVE6Kbd8jAY4NwPx,Method_5Q4KoXthUuYz3bvrTDFm,384,6,e89cdaa3f159a0d3f55e
4843,Class1,2024/10/25 21:56,Absolutely_Correct,1,Question_BW0ItEaymH3TkD6S15JF,Method_m8vwGkEZc3TSW2xqYUoR,316,4,e89cdaa3f159a0d3f55e
4846,Class1,2024/10/25 21:56,Error1,0,Question_BW0ItEaymH3TkD6S15JF,Method_m8vwGkEZc3TSW2xqYUoR,0,4,e89cdaa3f159a0d3f55e
4847,Class1,2024/10/25 21:55,Absolutely_Correct,1,Question_BW0ItEaymH3TkD6S15JF,Method_5Q4KoXthUuYz3bvrTDFm,316,5,e89cdaa3f159a0d3f55e
4848,Class1,2024/10/25 21:55,Absolutely_Correct,1,Question_BW0ItEaymH3TkD6S15JF,Method_BXr9AIsPQhwNvyGdZL57,208,4,e89cdaa3f159a0d3f55e
4849,Class1,2024/10/25 21:54,Absolutely_Correct,1,Question_BW0ItEaymH3TkD6S15JF,Method_BXr9AIsPQhwNvyGdZL57,320,5,e89cdaa3f159a0d3f55e
4855,Class1,2024/10/25 21:37,Absolutely_Correct,1,Question_BW0ItEaymH3TkD6S15JF,Method_5Q4KoXthUuYz3bvrTDFm,180,4,e89cdaa3f159a0d3f55e
4856,Class1,2024/10/25 21:37,Absolutely_Error,0,Question_BW0ItEaymH3TkD6S15JF,Method_m8vwGkEZc3TSW2xqYUoR,360,5,e89cdaa3f159a0d3f55e
4858,Class1,2024/10/25 21:37,Error2,0,Question_BW0ItEaymH3TkD6S15JF,Method_5Q4KoXthUuYz3bvrTDFm,180,5,e89cdaa3f159a0d3f55e
4859,Class1,2024/10/25 21:36,Error2,0,Question_BW0ItEaymH3TkD6S15JF,Method_Cj9Ya2R7fZd6xs1q5mNQ,196,4,e89cdaa3f159a0d3f55e
4861,Class1,2024/10/25 21:36,Error2,0,Question_BW0ItEaymH3TkD6S15JF,Method_m8vwGkEZc3TSW2xqYUoR,332,4,e89cdaa3f159a0d3f55e
4863,Class1,2024/10/25 21:31,Error2,0,Question_BW0ItEaymH3TkD6S15JF,Method_m8vwGkEZc3TSW2xqYUoR,196,5,e89cdaa3f159a0d3f55e
5050,Class1,2024/12/22 21:34,Error2,0,Question_FNg8X9v5zcbB1tQrxHR3,Method_m8vwGkEZc3TSW2xqYUoR,360,3,e89cdaa3f159a0d3f55e
5051,Class1,2024/12/22 21:32,Absolutely_Error,0,Question_FNg8X9v5zcbB1tQrxHR3,Method_m8vwGkEZc3TSW2xqYUoR,344,4,e89cdaa3f159a0d3f55e
5072,Class1,2024/12/22 19:31,Absolutely_Error,0,Question_FNg8X9v5zcbB1tQrxHR3,Method_Cj9Ya2R7fZd6xs1q5mNQ,384,3,e89cdaa3f159a0d3f55e
5073,Class1,2024/12/22 19:28,Absolutely_Error,0,Question_FNg8X9v5zcbB1tQrxHR3,Method_m8vwGkEZc3TSW2xqYUoR,348,3,e89cdaa3f159a0d3f55e
5074,Class1,2024/12/22 19:27,Absolutely_Error,0,Question_FNg8X9v5zcbB1tQrxHR3,Method_gj1NLb4Jn7URf9K2kQPd,536,3,e89cdaa3f159a0d3f55e
5075,Class1,2024/12/22 19:27,Error1,0,Question_FNg8X9v5zcbB1tQrxHR3,Method_BXr9AIsPQhwNvyGdZL57,0,1,e89cdaa3f159a0d3f55e
5076,Class1,2024/12/22 19:26,Error1,0,Question_FNg8X9v5zcbB1tQrxHR3,Method_Cj9Ya2R7fZd6xs1q5mNQ,0,3,e89cdaa3f159a0d3f55e
5077,Class1,2024/12/22 19:25,Error1,0,Question_FNg8X9v5zcbB1tQrxHR3,Method_Cj9Ya2R7fZd6xs1q5mNQ,0,4,e89cdaa3f159a0d3f55e
5078,Class1,2024/12/22 19:24,Error1,0,Question_FNg8X9v5zcbB1tQrxHR3,Method_Cj9Ya2R7fZd6xs1q5mNQ,0,3,e89cdaa3f159a0d3f55e
5079,Class1,2024/12/22 19:23,Error1,0,Question_FNg8X9v5zcbB1tQrxHR3,Method_m8vwGkEZc3TSW2xqYUoR,0,3,e89cdaa3f159a0d3f55e
5080,Class1,2024/12/22 19:16,Error1,0,Question_FNg8X9v5zcbB1tQrxHR3,Method_m8vwGkEZc3TSW2xqYUoR,0,2,e89cdaa3f159a0d3f55e
5083,Class1,2024/12/22 19:05,Absolutely_Error,0,Question_FNg8X9v5zcbB1tQrxHR3,Method_m8vwGkEZc3TSW2xqYUoR,360,4,e89cdaa3f159a0d3f55e
5084,Class1,2024/12/22 19:05,Error1,0,Question_FNg8X9v5zcbB1tQrxHR3,Method_gj1NLb4Jn7URf9K2kQPd,0,1,e89cdaa3f159a0d3f55e
5085,Class1,2024/12/22 19:05,Absolutely_Error,0,Question_FNg8X9v5zcbB1tQrxHR3,Method_m8vwGkEZc3TSW2xqYUoR,324,3,e89cdaa3f159a0d3f55e
5086,Class1,2024/12/22 19:02,Absolutely_Error,0,Question_FNg8X9v5zcbB1tQrxHR3,Method_5Q4KoXthUuYz3bvrTDFm,360,3,e89cdaa3f159a0d3f55e
5087,Class1,2024/12/22 19:02,Absolutely_Error,0,Question_FNg8X9v5zcbB1tQrxHR3,Method_gj1NLb4Jn7URf9K2kQPd,364,2,e89cdaa3f159a0d3f55e
5088,Class1,2024/12/22 19:00,Absolutely_Error,0,Question_FNg8X9v5zcbB1tQrxHR3,Method_5Q4KoXthUuYz3bvrTDFm,348,2,e89cdaa3f159a0d3f55e
5089,Class1,2024/12/22 19:00,Absolutely_Error,0,Question_FNg8X9v5zcbB1tQrxHR3,Method_gj1NLb4Jn7URf9K2kQPd,476,5,e89cdaa3f159a0d3f55e
5090,Class1,2024/12/22 18:59,Error1,0,Question_FNg8X9v5zcbB1tQrxHR3,Method_BXr9AIsPQhwNvyGdZL57,0,3,e89cdaa3f159a0d3f55e
5091,Class1,2024/12/22 18:58,Error1,0,Question_FNg8X9v5zcbB1tQrxHR3,Method_Cj9Ya2R7fZd6xs1q5mNQ,0,4,e89cdaa3f159a0d3f55e
5092,Class1,2024/12/22 18:57,Error1,0,Question_FNg8X9v5zcbB1tQrxHR3,Method_m8vwGkEZc3TSW2xqYUoR,0,5,e89cdaa3f159a0d3f55e
5093,Class1,2024/12/22 18:56,Error1,0,Question_FNg8X9v5zcbB1tQrxHR3,Method_5Q4KoXthUuYz3bvrTDFm,0,1,e89cdaa3f159a0d3f55e
5387,Class1,2024/10/23 23:35,Error2,0,Question_BW0ItEaymH3TkD6S15JF,Method_m8vwGkEZc3TSW2xqYUoR,192,3,e89cdaa3f159a0d3f55e
5388,Class1,2024/10/23 23:28,Absolutely_Error,0,Question_BW0ItEaymH3TkD6S15JF,Method_gj1NLb4Jn7URf9K2kQPd,212,7,e89cdaa3f159a0d3f55e
5389,Class1,2024/10/23 23:23,Absolutely_Error,0,Question_BW0ItEaymH3TkD6S15JF,Method_m8vwGkEZc3TSW2xqYUoR,320,4,e89cdaa3f159a0d3f55e
5390,Class1,2024/10/23 23:22,Absolutely_Error,0,Question_BW0ItEaymH3TkD6S15JF,Method_m8vwGkEZc3TSW2xqYUoR,200,3,e89cdaa3f159a0d3f55e
5391,Class1,2024/10/23 23:18,Absolutely_Error,0,Question_BW0ItEaymH3TkD6S15JF,Method_BXr9AIsPQhwNvyGdZL57,192,3,e89cdaa3f159a0d3f55e
5407,Class1,2024/10/23 22:22,Absolutely_Correct,1,Question_fZrP3FJ4ebUogW9V7taS,Method_5Q4KoXthUuYz3bvrTDFm,324,4,e89cdaa3f159a0d3f55e
5410,Class1,2024/10/23 22:19,Error2,0,Question_fZrP3FJ4ebUogW9V7taS,Method_BXr9AIsPQhwNvyGdZL57,324,4,e89cdaa3f159a0d3f55e
5411,Class1,2024/10/23 22:18,Error2,0,Question_fZrP3FJ4ebUogW9V7taS,Method_5Q4KoXthUuYz3bvrTDFm,192,4,e89cdaa3f159a0d3f55e
5412,Class1,2024/10/23 22:10,Absolutely_Error,0,Question_fZrP3FJ4ebUogW9V7taS,Method_5Q4KoXthUuYz3bvrTDFm,196,4,e89cdaa3f159a0d3f55e
5413,Class1,2024/10/23 22:04,Absolutely_Error,0,Question_fZrP3FJ4ebUogW9V7taS,Method_BXr9AIsPQhwNvyGdZL57,192,4,e89cdaa3f159a0d3f55e
5414,Class1,2024/10/23 22:04,Absolutely_Error,0,Question_fZrP3FJ4ebUogW9V7taS,Method_gj1NLb4Jn7URf9K2kQPd,192,4,e89cdaa3f159a0d3f55e
5415,Class1,2024/10/23 22:03,Absolutely_Error,0,Question_fZrP3FJ4ebUogW9V7taS,Method_m8vwGkEZc3TSW2xqYUoR,320,3,e89cdaa3f159a0d3f55e
5416,Class1,2024/10/23 22:03,Absolutely_Error,0,Question_fZrP3FJ4ebUogW9V7taS,Method_5Q4KoXthUuYz3bvrTDFm,196,5,e89cdaa3f159a0d3f55e
5417,Class1,2024/10/23 22:02,Absolutely_Error,0,Question_fZrP3FJ4ebUogW9V7taS,Method_Cj9Ya2R7fZd6xs1q5mNQ,324,3,e89cdaa3f159a0d3f55e
5601,Class1,2024/1/2 12:29,Absolutely_Error,0,Question_hZ5wXofebmTlzKB1jNcP,Method_Cj9Ya2R7fZd6xs1q5mNQ,312,2,e89cdaa3f159a0d3f55e
5602,Class1,2024/1/2 12:28,Absolutely_Error,0,Question_hZ5wXofebmTlzKB1jNcP,Method_gj1NLb4Jn7URf9K2kQPd,328,2,e89cdaa3f159a0d3f55e
5603,Class1,2024/1/2 12:28,Absolutely_Error,0,Question_hZ5wXofebmTlzKB1jNcP,Method_5Q4KoXthUuYz3bvrTDFm,320,3,e89cdaa3f159a0d3f55e
5604,Class1,2024/1/2 12:27,Absolutely_Error,0,Question_hZ5wXofebmTlzKB1jNcP,Method_gj1NLb4Jn7URf9K2kQPd,316,2,e89cdaa3f159a0d3f55e
5605,Class1,2024/1/2 12:20,Absolutely_Error,0,Question_hZ5wXofebmTlzKB1jNcP,Method_m8vwGkEZc3TSW2xqYUoR,308,3,e89cdaa3f159a0d3f55e
5606,Class1,2024/1/2 12:15,Absolutely_Error,0,Question_hZ5wXofebmTlzKB1jNcP,Method_BXr9AIsPQhwNvyGdZL57,324,2,e89cdaa3f159a0d3f55e
5607,Class1,2024/1/2 12:15,Absolutely_Error,0,Question_hZ5wXofebmTlzKB1jNcP,Method_m8vwGkEZc3TSW2xqYUoR,180,3,e89cdaa3f159a0d3f55e
5608,Class1,2024/1/2 12:13,Absolutely_Error,0,Question_hZ5wXofebmTlzKB1jNcP,Method_Cj9Ya2R7fZd6xs1q5mNQ,344,2,e89cdaa3f159a0d3f55e
5609,Class1,2024/1/2 12:13,Absolutely_Error,0,Question_hZ5wXofebmTlzKB1jNcP,Method_BXr9AIsPQhwNvyGdZL57,320,2,e89cdaa3f159a0d3f55e
5610,Class1,2024/1/2 12:12,Absolutely_Error,0,Question_hZ5wXofebmTlzKB1jNcP,Method_5Q4KoXthUuYz3bvrTDFm,324,3,e89cdaa3f159a0d3f55e
5611,Class1,2024/1/2 12:09,Absolutely_Error,0,Question_hZ5wXofebmTlzKB1jNcP,Method_m8vwGkEZc3TSW2xqYUoR,192,2,e89cdaa3f159a0d3f55e
5612,Class1,2024/1/2 12:07,Absolutely_Error,0,Question_hZ5wXofebmTlzKB1jNcP,Method_m8vwGkEZc3TSW2xqYUoR,324,2,e89cdaa3f159a0d3f55e
5613,Class1,2024/1/2 12:06,Absolutely_Error,0,Question_hZ5wXofebmTlzKB1jNcP,Method_5Q4KoXthUuYz3bvrTDFm,312,2,e89cdaa3f159a0d3f55e
5614,Class1,2024/1/2 12:05,Absolutely_Error,0,Question_hZ5wXofebmTlzKB1jNcP,Method_m8vwGkEZc3TSW2xqYUoR,312,3,e89cdaa3f159a0d3f55e
5615,Class1,2024/1/2 12:05,Absolutely_Error,0,Question_hZ5wXofebmTlzKB1jNcP,Method_m8vwGkEZc3TSW2xqYUoR,184,2,e89cdaa3f159a0d3f55e
5616,Class1,2024/1/2 10:05,Absolutely_Error,0,Question_hZ5wXofebmTlzKB1jNcP,Method_BXr9AIsPQhwNvyGdZL57,320,2,e89cdaa3f159a0d3f55e
5617,Class1,2024/1/2 10:01,Error1,0,Question_hZ5wXofebmTlzKB1jNcP,Method_gj1NLb4Jn7URf9K2kQPd,0,5,e89cdaa3f159a0d3f55e
5618,Class1,2024/1/2 10:01,Error1,0,Question_hZ5wXofebmTlzKB1jNcP,Method_BXr9AIsPQhwNvyGdZL57,0,3,e89cdaa3f159a0d3f55e
5619,Class1,2024/1/2 10:00,Error1,0,Question_hZ5wXofebmTlzKB1jNcP,Method_5Q4KoXthUuYz3bvrTDFm,0,5,e89cdaa3f159a0d3f55e
5620,Class1,2024/1/2 10:00,Error1,0,Question_hZ5wXofebmTlzKB1jNcP,Method_gj1NLb4Jn7URf9K2kQPd,0,3,e89cdaa3f159a0d3f55e
5621,Class1,2024/1/2 9:58,Error1,0,Question_hZ5wXofebmTlzKB1jNcP,Method_gj1NLb4Jn7URf9K2kQPd,0,2,e89cdaa3f159a0d3f55e
5622,Class1,2024/1/2 9:56,Error1,0,Question_hZ5wXofebmTlzKB1jNcP,Method_5Q4KoXthUuYz3bvrTDFm,0,2,e89cdaa3f159a0d3f55e
5623,Class1,2024/1/2 9:55,Error1,0,Question_hZ5wXofebmTlzKB1jNcP,Method_BXr9AIsPQhwNvyGdZL57,0,5,e89cdaa3f159a0d3f55e
5624,Class1,2024/1/2 9:55,Error1,0,Question_hZ5wXofebmTlzKB1jNcP,Method_5Q4KoXthUuYz3bvrTDFm,0,4,e89cdaa3f159a0d3f55e
5625,Class1,2024/1/2 9:47,Error1,0,Question_hZ5wXofebmTlzKB1jNcP,Method_gj1NLb4Jn7URf9K2kQPd,0,3,e89cdaa3f159a0d3f55e
5626,Class1,2024/1/2 9:47,Error1,0,Question_hZ5wXofebmTlzKB1jNcP,Method_gj1NLb4Jn7URf9K2kQPd,0,3,e89cdaa3f159a0d3f55e
5627,Class1,2024/1/2 9:15,Error1,0,Question_hZ5wXofebmTlzKB1jNcP,Method_Cj9Ya2R7fZd6xs1q5mNQ,0,2,e89cdaa3f159a0d3f55e
5842,Class1,2024/10/22 0:06,Absolutely_Error,0,Question_fZrP3FJ4ebUogW9V7taS,Method_Cj9Ya2R7fZd6xs1q5mNQ,192,4,e89cdaa3f159a0d3f55e
5843,Class1,2024/10/22 0:06,Absolutely_Error,0,Question_fZrP3FJ4ebUogW9V7taS,Method_m8vwGkEZc3TSW2xqYUoR,320,5,e89cdaa3f159a0d3f55e
5844,Class1,2024/10/22 0:05,Absolutely_Error,0,Question_fZrP3FJ4ebUogW9V7taS,Method_Cj9Ya2R7fZd6xs1q5mNQ,320,4,e89cdaa3f159a0d3f55e
5845,Class1,2024/10/22 0:02,Absolutely_Error,0,Question_fZrP3FJ4ebUogW9V7taS,Method_5Q4KoXthUuYz3bvrTDFm,192,4,e89cdaa3f159a0d3f55e
5846,Class1,2024/10/21 23:58,Absolutely_Error,0,Question_fZrP3FJ4ebUogW9V7taS,Method_5Q4KoXthUuYz3bvrTDFm,192,3,e89cdaa3f159a0d3f55e
5847,Class1,2024/10/21 23:53,Absolutely_Error,0,Question_fZrP3FJ4ebUogW9V7taS,Method_5Q4KoXthUuYz3bvrTDFm,188,4,e89cdaa3f159a0d3f55e
5849,Class1,2024/10/21 23:52,Absolutely_Error,0,Question_fZrP3FJ4ebUogW9V7taS,Method_Cj9Ya2R7fZd6xs1q5mNQ,324,3,e89cdaa3f159a0d3f55e
5850,Class1,2024/10/21 23:51,Error1,0,Question_fZrP3FJ4ebUogW9V7taS,Method_Cj9Ya2R7fZd6xs1q5mNQ,0,1,e89cdaa3f159a0d3f55e
5851,Class1,2024/10/21 23:40,Absolutely_Correct,1,Question_q7OpB2zCMmW9wS8uNt3H,Method_gj1NLb4Jn7URf9K2kQPd,184,6,e89cdaa3f159a0d3f55e
5853,Class1,2024/10/21 23:29,Error2,0,Question_q7OpB2zCMmW9wS8uNt3H,Method_Cj9Ya2R7fZd6xs1q5mNQ,196,3,e89cdaa3f159a0d3f55e
5855,Class1,2024/10/21 23:23,Error2,0,Question_q7OpB2zCMmW9wS8uNt3H,Method_Cj9Ya2R7fZd6xs1q5mNQ,188,4,e89cdaa3f159a0d3f55e
5856,Class1,2024/10/21 23:21,Error1,0,Question_q7OpB2zCMmW9wS8uNt3H,Method_5Q4KoXthUuYz3bvrTDFm,0,3,e89cdaa3f159a0d3f55e
5857,Class1,2024/10/21 23:21,Error2,0,Question_q7OpB2zCMmW9wS8uNt3H,Method_Cj9Ya2R7fZd6xs1q5mNQ,324,5,e89cdaa3f159a0d3f55e
5858,Class1,2024/10/21 23:19,Error2,0,Question_q7OpB2zCMmW9wS8uNt3H,Method_m8vwGkEZc3TSW2xqYUoR,200,5,e89cdaa3f159a0d3f55e
5859,Class1,2024/10/21 23:18,Error1,0,Question_q7OpB2zCMmW9wS8uNt3H,Method_Cj9Ya2R7fZd6xs1q5mNQ,0,5,e89cdaa3f159a0d3f55e
5860,Class1,2024/10/21 23:17,Error1,0,Question_q7OpB2zCMmW9wS8uNt3H,Method_BXr9AIsPQhwNvyGdZL57,0,4,e89cdaa3f159a0d3f55e
5861,Class1,2024/10/21 23:14,Error2,0,Question_q7OpB2zCMmW9wS8uNt3H,Method_Cj9Ya2R7fZd6xs1q5mNQ,192,4,e89cdaa3f159a0d3f55e
5862,Class1,2024/10/21 23:12,Absolutely_Error,0,Question_q7OpB2zCMmW9wS8uNt3H,Method_Cj9Ya2R7fZd6xs1q5mNQ,192,4,e89cdaa3f159a0d3f55e
5863,Class1,2024/10/21 23:12,Absolutely_Error,0,Question_q7OpB2zCMmW9wS8uNt3H,Method_5Q4KoXthUuYz3bvrTDFm,188,3,e89cdaa3f159a0d3f55e
5864,Class1,2024/10/21 23:11,Absolutely_Error,0,Question_q7OpB2zCMmW9wS8uNt3H,Method_m8vwGkEZc3TSW2xqYUoR,196,3,e89cdaa3f159a0d3f55e
5865,Class1,2024/10/21 23:11,Absolutely_Error,0,Question_q7OpB2zCMmW9wS8uNt3H,Method_BXr9AIsPQhwNvyGdZL57,196,4,e89cdaa3f159a0d3f55e
5866,Class1,2024/10/21 23:11,Error1,0,Question_q7OpB2zCMmW9wS8uNt3H,Method_m8vwGkEZc3TSW2xqYUoR,0,3,e89cdaa3f159a0d3f55e
5867,Class1,2024/10/21 23:05,Error1,0,Question_q7OpB2zCMmW9wS8uNt3H,Method_gj1NLb4Jn7URf9K2kQPd,0,3,e89cdaa3f159a0d3f55e
5868,Class1,2024/10/21 22:52,Absolutely_Correct,1,Question_VgKw8PjY1FR6cm2QI9XW,Method_m8vwGkEZc3TSW2xqYUoR,192,3,e89cdaa3f159a0d3f55e
5872,Class1,2024/10/21 22:45,Absolutely_Error,0,Question_VgKw8PjY1FR6cm2QI9XW,Method_m8vwGkEZc3TSW2xqYUoR,192,4,e89cdaa3f159a0d3f55e
5874,Class1,2024/10/21 22:44,Error2,0,Question_VgKw8PjY1FR6cm2QI9XW,Method_m8vwGkEZc3TSW2xqYUoR,184,6,e89cdaa3f159a0d3f55e
5878,Class1,2024/10/21 22:40,Error2,0,Question_VgKw8PjY1FR6cm2QI9XW,Method_5Q4KoXthUuYz3bvrTDFm,192,3,e89cdaa3f159a0d3f55e
5881,Class1,2024/10/21 22:39,Error2,0,Question_VgKw8PjY1FR6cm2QI9XW,Method_5Q4KoXthUuYz3bvrTDFm,324,4,e89cdaa3f159a0d3f55e
5899,Class1,2024/10/21 22:00,Error2,0,Question_VgKw8PjY1FR6cm2QI9XW,Method_Cj9Ya2R7fZd6xs1q5mNQ,192,3,e89cdaa3f159a0d3f55e
5900,Class1,2024/10/21 21:56,Error2,0,Question_VgKw8PjY1FR6cm2QI9XW,Method_5Q4KoXthUuYz3bvrTDFm,192,4,e89cdaa3f159a0d3f55e
6203,Class1,2024/12/22 14:07,Error1,0,Question_FNg8X9v5zcbB1tQrxHR3,Method_5Q4KoXthUuYz3bvrTDFm,0,4,e89cdaa3f159a0d3f55e
6205,Class1,2024/12/22 13:56,Absolutely_Error,0,Question_FNg8X9v5zcbB1tQrxHR3,Method_Cj9Ya2R7fZd6xs1q5mNQ,348,3,e89cdaa3f159a0d3f55e
6239,Class1,2024/12/21 22:41,Absolutely_Error,0,Question_FNg8X9v5zcbB1tQrxHR3,Method_5Q4KoXthUuYz3bvrTDFm,476,6,e89cdaa3f159a0d3f55e
10848,Class1,2024/12/16 21:04,Absolutely_Correct,3,Question_Az73sM0rHfWVKuc4X2kL,Method_BXr9AIsPQhwNvyGdZL57,348,3,e89cdaa3f159a0d3f55e
10849,Class1,2024/12/16 21:01,Error1,0,Question_Az73sM0rHfWVKuc4X2kL,Method_5Q4KoXthUuYz3bvrTDFm,0,5,e89cdaa3f159a0d3f55e
10850,Class1,2024/12/16 20:33,Partially_Correct,1,Question_Az73sM0rHfWVKuc4X2kL,Method_m8vwGkEZc3TSW2xqYUoR,384,3,e89cdaa3f159a0d3f55e
11126,Class1,2024/12/13 23:07,Partially_Correct,1,Question_Az73sM0rHfWVKuc4X2kL,Method_gj1NLb4Jn7URf9K2kQPd,352,3,e89cdaa3f159a0d3f55e
11127,Class1,2024/12/13 23:02,Partially_Correct,1,Question_Az73sM0rHfWVKuc4X2kL,Method_m8vwGkEZc3TSW2xqYUoR,332,3,e89cdaa3f159a0d3f55e
11130,Class1,2024/12/13 22:53,Partially_Correct,1,Question_Az73sM0rHfWVKuc4X2kL,Method_m8vwGkEZc3TSW2xqYUoR,332,4,e89cdaa3f159a0d3f55e
11131,Class1,2024/12/13 22:53,Partially_Correct,1,Question_Az73sM0rHfWVKuc4X2kL,Method_5Q4KoXthUuYz3bvrTDFm,324,2,e89cdaa3f159a0d3f55e
11133,Class1,2024/12/13 22:47,Partially_Correct,1,Question_Az73sM0rHfWVKuc4X2kL,Method_BXr9AIsPQhwNvyGdZL57,336,2,e89cdaa3f159a0d3f55e
11138,Class1,2024/12/13 22:35,Partially_Correct,1,Question_Az73sM0rHfWVKuc4X2kL,Method_5Q4KoXthUuYz3bvrTDFm,344,3,e89cdaa3f159a0d3f55e
11139,Class1,2024/12/13 22:33,Absolutely_Error,0,Question_Az73sM0rHfWVKuc4X2kL,Method_BXr9AIsPQhwNvyGdZL57,448,4,e89cdaa3f159a0d3f55e
11184,Class1,2024/12/13 20:28,Error1,0,Question_Az73sM0rHfWVKuc4X2kL,Method_Cj9Ya2R7fZd6xs1q5mNQ,0,5,e89cdaa3f159a0d3f55e
11185,Class1,2024/12/13 20:27,Absolutely_Correct,3,Question_62XbhBvJ8NUSnApgDL94,Method_gj1NLb4Jn7URf9K2kQPd,384,3,e89cdaa3f159a0d3f55e
11186,Class1,2024/12/13 20:26,Error1,0,Question_62XbhBvJ8NUSnApgDL94,Method_Cj9Ya2R7fZd6xs1q5mNQ,0,5,e89cdaa3f159a0d3f55e
11211,Class1,2024/12/13 16:35,Partially_Correct,2,Question_62XbhBvJ8NUSnApgDL94,Method_m8vwGkEZc3TSW2xqYUoR,320,2,e89cdaa3f159a0d3f55e
11965,Class1,2024/12/4 10:08,Error1,0,Question_Az73sM0rHfWVKuc4X2kL,Method_gj1NLb4Jn7URf9K2kQPd,0,3,e89cdaa3f159a0d3f55e
11986,Class1,2024/12/4 8:42,Error1,0,Question_Az73sM0rHfWVKuc4X2kL,Method_gj1NLb4Jn7URf9K2kQPd,0,1,e89cdaa3f159a0d3f55e
12068,Class1,2024/12/2 21:51,Partially_Correct,2,Question_62XbhBvJ8NUSnApgDL94,Method_BXr9AIsPQhwNvyGdZL57,456,3,e89cdaa3f159a0d3f55e
12069,Class1,2024/12/2 21:49,Partially_Correct,2,Question_62XbhBvJ8NUSnApgDL94,Method_BXr9AIsPQhwNvyGdZL57,196,2,e89cdaa3f159a0d3f55e
12070,Class1,2024/12/2 21:49,Absolutely_Correct,3,Question_oCjnFLbIs4Uxwek9rBpu,Method_Cj9Ya2R7fZd6xs1q5mNQ,472,3,e89cdaa3f159a0d3f55e
12072,Class1,2024/12/2 21:45,Absolutely_Correct,3,Question_oCjnFLbIs4Uxwek9rBpu,Method_5Q4KoXthUuYz3bvrTDFm,344,3,e89cdaa3f159a0d3f55e
12073,Class1,2024/12/2 21:45,Partially_Correct,1,Question_oCjnFLbIs4Uxwek9rBpu,Method_m8vwGkEZc3TSW2xqYUoR,324,3,e89cdaa3f159a0d3f55e
12074,Class1,2024/12/2 21:32,Absolutely_Correct,3,Question_oCjnFLbIs4Uxwek9rBpu,Method_m8vwGkEZc3TSW2xqYUoR,344,4,e89cdaa3f159a0d3f55e
12075,Class1,2024/12/2 21:31,Partially_Correct,2,Question_oCjnFLbIs4Uxwek9rBpu,Method_Cj9Ya2R7fZd6xs1q5mNQ,344,3,e89cdaa3f159a0d3f55e
12076,Class1,2024/12/2 21:28,Partially_Correct,2,Question_oCjnFLbIs4Uxwek9rBpu,Method_Cj9Ya2R7fZd6xs1q5mNQ,352,3,e89cdaa3f159a0d3f55e
12077,Class1,2024/12/2 21:13,Partially_Correct,1,Question_oCjnFLbIs4Uxwek9rBpu,Method_5Q4KoXthUuYz3bvrTDFm,472,3,e89cdaa3f159a0d3f55e
12083,Class1,2024/12/2 20:49,Partially_Correct,1,Question_oCjnFLbIs4Uxwek9rBpu,Method_Cj9Ya2R7fZd6xs1q5mNQ,488,3,e89cdaa3f159a0d3f55e
12085,Class1,2024/12/2 20:37,Absolutely_Correct,3,Question_lU2wvHSZq7m43xiVroBc,Method_BXr9AIsPQhwNvyGdZL57,348,4,e89cdaa3f159a0d3f55e
12086,Class1,2024/12/2 20:35,Error2,0,Question_lU2wvHSZq7m43xiVroBc,Method_gj1NLb4Jn7URf9K2kQPd,348,3,e89cdaa3f159a0d3f55e
12087,Class1,2024/12/2 20:34,Error2,0,Question_lU2wvHSZq7m43xiVroBc,Method_Cj9Ya2R7fZd6xs1q5mNQ,472,3,e89cdaa3f159a0d3f55e
12088,Class1,2024/12/2 20:34,Error2,0,Question_lU2wvHSZq7m43xiVroBc,Method_m8vwGkEZc3TSW2xqYUoR,328,3,e89cdaa3f159a0d3f55e
12089,Class1,2024/12/2 20:33,Error2,0,Question_lU2wvHSZq7m43xiVroBc,Method_gj1NLb4Jn7URf9K2kQPd,320,3,e89cdaa3f159a0d3f55e
12090,Class1,2024/12/2 20:25,Error2,0,Question_lU2wvHSZq7m43xiVroBc,Method_5Q4KoXthUuYz3bvrTDFm,344,4,e89cdaa3f159a0d3f55e
12091,Class1,2024/12/2 20:24,Error2,0,Question_lU2wvHSZq7m43xiVroBc,Method_Cj9Ya2R7fZd6xs1q5mNQ,384,5,e89cdaa3f159a0d3f55e
12092,Class1,2024/12/2 20:23,Error2,0,Question_lU2wvHSZq7m43xiVroBc,Method_m8vwGkEZc3TSW2xqYUoR,336,3,e89cdaa3f159a0d3f55e
12093,Class1,2024/12/2 20:21,Error2,0,Question_lU2wvHSZq7m43xiVroBc,Method_gj1NLb4Jn7URf9K2kQPd,352,3,e89cdaa3f159a0d3f55e
12094,Class1,2024/12/2 20:21,Error1,0,Question_lU2wvHSZq7m43xiVroBc,Method_gj1NLb4Jn7URf9K2kQPd,0,1,e89cdaa3f159a0d3f55e
12095,Class1,2024/12/2 19:40,Partially_Correct,1,Question_oCjnFLbIs4Uxwek9rBpu,Method_gj1NLb4Jn7URf9K2kQPd,344,3,e89cdaa3f159a0d3f55e
12243,Class1,2024/11/30 19:37,Error1,0,Question_FNg8X9v5zcbB1tQrxHR3,Method_m8vwGkEZc3TSW2xqYUoR,0,5,e89cdaa3f159a0d3f55e
12244,Class1,2024/11/30 19:37,Error1,0,Question_FNg8X9v5zcbB1tQrxHR3,Method_BXr9AIsPQhwNvyGdZL57,0,5,e89cdaa3f159a0d3f55e
12432,Class1,2024/11/29 21:00,Partially_Correct,1,Question_oCjnFLbIs4Uxwek9rBpu,Method_gj1NLb4Jn7URf9K2kQPd,352,7,e89cdaa3f159a0d3f55e
12434,Class1,2024/11/29 20:59,Absolutely_Error,0,Question_oCjnFLbIs4Uxwek9rBpu,Method_gj1NLb4Jn7URf9K2kQPd,372,6,e89cdaa3f159a0d3f55e
12454,Class1,2024/11/29 20:26,Partially_Correct,1,Question_oCjnFLbIs4Uxwek9rBpu,Method_BXr9AIsPQhwNvyGdZL57,476,10,e89cdaa3f159a0d3f55e
12455,Class1,2024/11/29 20:25,Partially_Correct,1,Question_oCjnFLbIs4Uxwek9rBpu,Method_5Q4KoXthUuYz3bvrTDFm,220,10,e89cdaa3f159a0d3f55e
12456,Class1,2024/11/29 20:25,Partially_Correct,1,Question_oCjnFLbIs4Uxwek9rBpu,Method_Cj9Ya2R7fZd6xs1q5mNQ,360,6,e89cdaa3f159a0d3f55e
12458,Class1,2024/11/29 20:21,Partially_Correct,1,Question_oCjnFLbIs4Uxwek9rBpu,Method_m8vwGkEZc3TSW2xqYUoR,476,12,e89cdaa3f159a0d3f55e
12459,Class1,2024/11/29 20:16,Partially_Correct,1,Question_oCjnFLbIs4Uxwek9rBpu,Method_m8vwGkEZc3TSW2xqYUoR,484,10,e89cdaa3f159a0d3f55e
12460,Class1,2024/11/29 20:10,Partially_Correct,1,Question_oCjnFLbIs4Uxwek9rBpu,Method_BXr9AIsPQhwNvyGdZL57,348,6,e89cdaa3f159a0d3f55e
12461,Class1,2024/11/29 20:10,Error1,0,Question_Az73sM0rHfWVKuc4X2kL,Method_gj1NLb4Jn7URf9K2kQPd,0,2,e89cdaa3f159a0d3f55e
12462,Class1,2024/11/29 20:10,Partially_Correct,2,Question_62XbhBvJ8NUSnApgDL94,Method_Cj9Ya2R7fZd6xs1q5mNQ,476,10,e89cdaa3f159a0d3f55e
12463,Class1,2024/11/29 20:04,Partially_Correct,1,Question_oCjnFLbIs4Uxwek9rBpu,Method_5Q4KoXthUuYz3bvrTDFm,636,8,e89cdaa3f159a0d3f55e
12465,Class1,2024/11/29 20:02,Partially_Correct,1,Question_oCjnFLbIs4Uxwek9rBpu,Method_BXr9AIsPQhwNvyGdZL57,360,7,e89cdaa3f159a0d3f55e
12466,Class1,2024/11/29 20:01,Partially_Correct,1,Question_oCjnFLbIs4Uxwek9rBpu,Method_Cj9Ya2R7fZd6xs1q5mNQ,512,8,e89cdaa3f159a0d3f55e
12467,Class1,2024/11/29 20:01,Partially_Correct,1,Question_oCjnFLbIs4Uxwek9rBpu,Method_m8vwGkEZc3TSW2xqYUoR,348,9,e89cdaa3f159a0d3f55e
12469,Class1,2024/11/29 19:56,Error3,0,Question_oCjnFLbIs4Uxwek9rBpu,Method_Cj9Ya2R7fZd6xs1q5mNQ,384,4,e89cdaa3f159a0d3f55e
12480,Class1,2024/11/29 19:53,Error3,0,Question_oCjnFLbIs4Uxwek9rBpu,Method_Cj9Ya2R7fZd6xs1q5mNQ,356,6,e89cdaa3f159a0d3f55e
12488,Class1,2024/11/29 19:48,Error3,0,Question_oCjnFLbIs4Uxwek9rBpu,Method_BXr9AIsPQhwNvyGdZL57,348,6,e89cdaa3f159a0d3f55e
12489,Class1,2024/11/29 19:48,Error3,0,Question_oCjnFLbIs4Uxwek9rBpu,Method_5Q4KoXthUuYz3bvrTDFm,340,4,e89cdaa3f159a0d3f55e
12490,Class1,2024/11/29 19:47,Error3,0,Question_oCjnFLbIs4Uxwek9rBpu,Method_m8vwGkEZc3TSW2xqYUoR,372,5,e89cdaa3f159a0d3f55e
12491,Class1,2024/11/29 19:47,Error3,0,Question_oCjnFLbIs4Uxwek9rBpu,Method_m8vwGkEZc3TSW2xqYUoR,348,4,e89cdaa3f159a0d3f55e
12589,Class1,2024/11/28 22:27,Absolutely_Correct,3,Question_5fgqjSBwTPG7KUV3it6O,Method_gj1NLb4Jn7URf9K2kQPd,460,4,e89cdaa3f159a0d3f55e
12590,Class1,2024/11/28 22:18,Partially_Correct,1,Question_5fgqjSBwTPG7KUV3it6O,Method_5Q4KoXthUuYz3bvrTDFm,344,3,e89cdaa3f159a0d3f55e
12593,Class1,2024/11/28 22:16,Partially_Correct,1,Question_5fgqjSBwTPG7KUV3it6O,Method_m8vwGkEZc3TSW2xqYUoR,352,3,e89cdaa3f159a0d3f55e
12594,Class1,2024/11/28 22:13,Partially_Correct,1,Question_5fgqjSBwTPG7KUV3it6O,Method_m8vwGkEZc3TSW2xqYUoR,324,3,e89cdaa3f159a0d3f55e
12595,Class1,2024/11/28 22:09,Partially_Correct,1,Question_5fgqjSBwTPG7KUV3it6O,Method_BXr9AIsPQhwNvyGdZL57,480,9,e89cdaa3f159a0d3f55e
12598,Class1,2024/11/28 22:04,Partially_Correct,1,Question_5fgqjSBwTPG7KUV3it6O,Method_gj1NLb4Jn7URf9K2kQPd,344,3,e89cdaa3f159a0d3f55e
12599,Class1,2024/11/28 22:03,Partially_Correct,1,Question_5fgqjSBwTPG7KUV3it6O,Method_gj1NLb4Jn7URf9K2kQPd,336,4,e89cdaa3f159a0d3f55e
12600,Class1,2024/11/28 22:03,Absolutely_Error,0,Question_5fgqjSBwTPG7KUV3it6O,Method_BXr9AIsPQhwNvyGdZL57,484,3,e89cdaa3f159a0d3f55e
12602,Class1,2024/11/28 22:01,Partially_Correct,1,Question_5fgqjSBwTPG7KUV3it6O,Method_5Q4KoXthUuYz3bvrTDFm,348,3,e89cdaa3f159a0d3f55e
12603,Class1,2024/11/28 22:00,Error3,0,Question_5fgqjSBwTPG7KUV3it6O,Method_BXr9AIsPQhwNvyGdZL57,448,3,e89cdaa3f159a0d3f55e
12604,Class1,2024/11/28 21:59,Partially_Correct,1,Question_5fgqjSBwTPG7KUV3it6O,Method_m8vwGkEZc3TSW2xqYUoR,328,3,e89cdaa3f159a0d3f55e
12605,Class1,2024/11/28 21:58,Partially_Correct,1,Question_5fgqjSBwTPG7KUV3it6O,Method_5Q4KoXthUuYz3bvrTDFm,472,3,e89cdaa3f159a0d3f55e
12607,Class1,2024/11/28 21:57,Error1,0,Question_5fgqjSBwTPG7KUV3it6O,Method_Cj9Ya2R7fZd6xs1q5mNQ,0,1,e89cdaa3f159a0d3f55e
12608,Class1,2024/11/28 21:57,Error1,0,Question_5fgqjSBwTPG7KUV3it6O,Method_m8vwGkEZc3TSW2xqYUoR,0,5,e89cdaa3f159a0d3f55e
12609,Class1,2024/11/28 21:52,Error1,0,Question_5fgqjSBwTPG7KUV3it6O,Method_m8vwGkEZc3TSW2xqYUoR,0,3,e89cdaa3f159a0d3f55e
12610,Class1,2024/11/28 21:51,Error1,0,Question_5fgqjSBwTPG7KUV3it6O,Method_gj1NLb4Jn7URf9K2kQPd,0,2,e89cdaa3f159a0d3f55e
12612,Class1,2024/11/28 21:47,Error1,0,Question_5fgqjSBwTPG7KUV3it6O,Method_m8vwGkEZc3TSW2xqYUoR,0,1,e89cdaa3f159a0d3f55e
12613,Class1,2024/11/28 21:45,Error1,0,Question_5fgqjSBwTPG7KUV3it6O,Method_m8vwGkEZc3TSW2xqYUoR,0,3,e89cdaa3f159a0d3f55e
12614,Class1,2024/11/28 21:44,Error1,0,Question_5fgqjSBwTPG7KUV3it6O,Method_gj1NLb4Jn7URf9K2kQPd,0,5,e89cdaa3f159a0d3f55e
12615,Class1,2024/11/28 21:44,Error1,0,Question_5fgqjSBwTPG7KUV3it6O,Method_gj1NLb4Jn7URf9K2kQPd,0,3,e89cdaa3f159a0d3f55e
12616,Class1,2024/11/28 21:43,Error1,0,Question_5fgqjSBwTPG7KUV3it6O,Method_BXr9AIsPQhwNvyGdZL57,0,3,e89cdaa3f159a0d3f55e
12617,Class1,2024/11/28 21:11,Absolutely_Correct,3,Question_EhVPdmlB31M8WKGqL0wc,Method_m8vwGkEZc3TSW2xqYUoR,384,3,e89cdaa3f159a0d3f55e
12618,Class1,2024/11/28 21:10,Error1,0,Question_EhVPdmlB31M8WKGqL0wc,Method_BXr9AIsPQhwNvyGdZL57,0,4,e89cdaa3f159a0d3f55e
12626,Class1,2024/11/28 17:11,Partially_Correct,1,Question_EhVPdmlB31M8WKGqL0wc,Method_gj1NLb4Jn7URf9K2kQPd,492,10,e89cdaa3f159a0d3f55e
12627,Class1,2024/11/28 17:11,Partially_Correct,1,Question_EhVPdmlB31M8WKGqL0wc,Method_gj1NLb4Jn7URf9K2kQPd,368,6,e89cdaa3f159a0d3f55e
12628,Class1,2024/11/28 17:06,Error1,0,Question_Az73sM0rHfWVKuc4X2kL,Method_5Q4KoXthUuYz3bvrTDFm,0,1,e89cdaa3f159a0d3f55e
12630,Class1,2024/11/28 17:06,Partially_Correct,1,Question_EhVPdmlB31M8WKGqL0wc,Method_m8vwGkEZc3TSW2xqYUoR,396,7,e89cdaa3f159a0d3f55e
12631,Class1,2024/11/28 17:05,Partially_Correct,1,Question_EhVPdmlB31M8WKGqL0wc,Method_BXr9AIsPQhwNvyGdZL57,364,6,e89cdaa3f159a0d3f55e
12632,Class1,2024/11/28 17:04,Partially_Correct,1,Question_EhVPdmlB31M8WKGqL0wc,Method_BXr9AIsPQhwNvyGdZL57,328,7,e89cdaa3f159a0d3f55e
12633,Class1,2024/11/28 17:03,Partially_Correct,1,Question_EhVPdmlB31M8WKGqL0wc,Method_5Q4KoXthUuYz3bvrTDFm,352,6,e89cdaa3f159a0d3f55e
12634,Class1,2024/11/28 17:02,Partially_Correct,1,Question_EhVPdmlB31M8WKGqL0wc,Method_BXr9AIsPQhwNvyGdZL57,360,5,e89cdaa3f159a0d3f55e
12635,Class1,2024/11/28 17:02,Absolutely_Error,0,Question_EhVPdmlB31M8WKGqL0wc,Method_Cj9Ya2R7fZd6xs1q5mNQ,384,10,e89cdaa3f159a0d3f55e
12636,Class1,2024/11/28 17:00,Partially_Correct,1,Question_EhVPdmlB31M8WKGqL0wc,Method_m8vwGkEZc3TSW2xqYUoR,356,5,e89cdaa3f159a0d3f55e
12637,Class1,2024/11/28 16:58,Partially_Correct,1,Question_EhVPdmlB31M8WKGqL0wc,Method_5Q4KoXthUuYz3bvrTDFm,328,6,e89cdaa3f159a0d3f55e
12638,Class1,2024/11/28 16:58,Partially_Correct,1,Question_EhVPdmlB31M8WKGqL0wc,Method_BXr9AIsPQhwNvyGdZL57,332,5,e89cdaa3f159a0d3f55e
12640,Class1,2024/11/28 16:56,Error1,0,Question_EhVPdmlB31M8WKGqL0wc,Method_gj1NLb4Jn7URf9K2kQPd,0,1,e89cdaa3f159a0d3f55e
12641,Class1,2024/11/28 16:56,Error1,0,Question_EhVPdmlB31M8WKGqL0wc,Method_gj1NLb4Jn7URf9K2kQPd,0,1,e89cdaa3f159a0d3f55e
12796,Class1,2024/11/28 0:41,Error1,0,Question_Az73sM0rHfWVKuc4X2kL,Method_BXr9AIsPQhwNvyGdZL57,0,1,e89cdaa3f159a0d3f55e
12797,Class1,2024/11/28 0:04,Absolutely_Correct,3,Question_Ou3f2Wt9BqExm5DpN7Zk,Method_Cj9Ya2R7fZd6xs1q5mNQ,344,4,e89cdaa3f159a0d3f55e
12798,Class1,2024/11/28 0:00,Absolutely_Error,0,Question_Ou3f2Wt9BqExm5DpN7Zk,Method_5Q4KoXthUuYz3bvrTDFm,480,4,e89cdaa3f159a0d3f55e
12799,Class1,2024/11/27 23:58,Absolutely_Error,0,Question_Ou3f2Wt9BqExm5DpN7Zk,Method_5Q4KoXthUuYz3bvrTDFm,332,5,e89cdaa3f159a0d3f55e
12800,Class1,2024/11/27 23:49,Absolutely_Error,0,Question_Ou3f2Wt9BqExm5DpN7Zk,Method_gj1NLb4Jn7URf9K2kQPd,344,5,e89cdaa3f159a0d3f55e
12804,Class1,2024/11/27 23:41,Absolutely_Error,0,Question_Ou3f2Wt9BqExm5DpN7Zk,Method_gj1NLb4Jn7URf9K2kQPd,332,4,e89cdaa3f159a0d3f55e
12805,Class1,2024/11/27 23:40,Absolutely_Error,0,Question_Ou3f2Wt9BqExm5DpN7Zk,Method_gj1NLb4Jn7URf9K2kQPd,332,7,e89cdaa3f159a0d3f55e
12806,Class1,2024/11/27 23:39,Absolutely_Error,0,Question_Ou3f2Wt9BqExm5DpN7Zk,Method_Cj9Ya2R7fZd6xs1q5mNQ,332,5,e89cdaa3f159a0d3f55e
12808,Class1,2024/11/27 23:39,Absolutely_Error,0,Question_Ou3f2Wt9BqExm5DpN7Zk,Method_m8vwGkEZc3TSW2xqYUoR,328,4,e89cdaa3f159a0d3f55e
12810,Class1,2024/11/27 23:34,Absolutely_Error,0,Question_Ou3f2Wt9BqExm5DpN7Zk,Method_gj1NLb4Jn7URf9K2kQPd,328,5,e89cdaa3f159a0d3f55e
12811,Class1,2024/11/27 23:32,Absolutely_Error,0,Question_Ou3f2Wt9BqExm5DpN7Zk,Method_BXr9AIsPQhwNvyGdZL57,328,5,e89cdaa3f159a0d3f55e
12812,Class1,2024/11/27 23:31,Error1,0,Question_Ou3f2Wt9BqExm5DpN7Zk,Method_BXr9AIsPQhwNvyGdZL57,0,2,e89cdaa3f159a0d3f55e
12813,Class1,2024/11/27 23:31,Error1,0,Question_Ou3f2Wt9BqExm5DpN7Zk,Method_m8vwGkEZc3TSW2xqYUoR,0,4,e89cdaa3f159a0d3f55e
12844,Class1,2024/11/27 22:45,Absolutely_Correct,3,Question_UXqN1F7G3Sbldz02vZne,Method_5Q4KoXthUuYz3bvrTDFm,472,5,e89cdaa3f159a0d3f55e
12845,Class1,2024/11/27 22:44,Partially_Correct,1,Question_UXqN1F7G3Sbldz02vZne,Method_gj1NLb4Jn7URf9K2kQPd,344,4,e89cdaa3f159a0d3f55e
12846,Class1,2024/11/27 22:43,Partially_Correct,1,Question_UXqN1F7G3Sbldz02vZne,Method_gj1NLb4Jn7URf9K2kQPd,484,4,e89cdaa3f159a0d3f55e
12898,Class1,2024/12/28 19:01,Absolutely_Correct,3,Question_YWXHr4G6Cl7bEm9iF2kQ,Method_5Q4KoXthUuYz3bvrTDFm,308,3,e89cdaa3f159a0d3f55e
12899,Class1,2024/12/28 19:01,Error1,0,Question_YWXHr4G6Cl7bEm9iF2kQ,Method_Cj9Ya2R7fZd6xs1q5mNQ,0,3,e89cdaa3f159a0d3f55e
13181,Class1,2024/11/25 21:47,Absolutely_Correct,3,Question_x2Fy7rZ3SwYl9jMQkpOD,Method_5Q4KoXthUuYz3bvrTDFm,452,3,e89cdaa3f159a0d3f55e
13182,Class1,2024/11/25 21:42,Error1,0,Question_x2Fy7rZ3SwYl9jMQkpOD,Method_Cj9Ya2R7fZd6xs1q5mNQ,0,5,e89cdaa3f159a0d3f55e
13184,Class1,2024/11/25 21:41,Error1,0,Question_x2Fy7rZ3SwYl9jMQkpOD,Method_5Q4KoXthUuYz3bvrTDFm,0,1,e89cdaa3f159a0d3f55e
13186,Class1,2024/11/25 21:40,Error1,0,Question_x2Fy7rZ3SwYl9jMQkpOD,Method_gj1NLb4Jn7URf9K2kQPd,0,2,e89cdaa3f159a0d3f55e
13188,Class1,2024/11/25 21:39,Error1,0,Question_x2Fy7rZ3SwYl9jMQkpOD,Method_5Q4KoXthUuYz3bvrTDFm,0,3,e89cdaa3f159a0d3f55e
13191,Class1,2024/11/25 21:36,Error1,0,Question_x2Fy7rZ3SwYl9jMQkpOD,Method_BXr9AIsPQhwNvyGdZL57,0,2,e89cdaa3f159a0d3f55e
13192,Class1,2024/11/25 21:35,Error1,0,Question_x2Fy7rZ3SwYl9jMQkpOD,Method_BXr9AIsPQhwNvyGdZL57,0,4,e89cdaa3f159a0d3f55e
13194,Class1,2024/11/25 21:33,Error1,0,Question_x2Fy7rZ3SwYl9jMQkpOD,Method_BXr9AIsPQhwNvyGdZL57,0,2,e89cdaa3f159a0d3f55e
13196,Class1,2024/11/25 21:33,Error1,0,Question_x2Fy7rZ3SwYl9jMQkpOD,Method_5Q4KoXthUuYz3bvrTDFm,0,5,e89cdaa3f159a0d3f55e
13199,Class1,2024/11/25 21:21,Absolutely_Error,0,Question_x2Fy7rZ3SwYl9jMQkpOD,Method_BXr9AIsPQhwNvyGdZL57,320,3,e89cdaa3f159a0d3f55e
13206,Class1,2024/11/25 20:56,Absolutely_Error,0,Question_x2Fy7rZ3SwYl9jMQkpOD,Method_5Q4KoXthUuYz3bvrTDFm,384,3,e89cdaa3f159a0d3f55e
13210,Class1,2024/11/25 20:51,Absolutely_Error,0,Question_x2Fy7rZ3SwYl9jMQkpOD,Method_gj1NLb4Jn7URf9K2kQPd,336,4,e89cdaa3f159a0d3f55e
13212,Class1,2024/11/25 20:48,Absolutely_Error,0,Question_x2Fy7rZ3SwYl9jMQkpOD,Method_gj1NLb4Jn7URf9K2kQPd,312,3,e89cdaa3f159a0d3f55e
13213,Class1,2024/11/25 20:46,Error1,0,Question_x2Fy7rZ3SwYl9jMQkpOD,Method_m8vwGkEZc3TSW2xqYUoR,0,4,e89cdaa3f159a0d3f55e
13216,Class1,2024/11/25 20:45,Error1,0,Question_x2Fy7rZ3SwYl9jMQkpOD,Method_BXr9AIsPQhwNvyGdZL57,0,5,e89cdaa3f159a0d3f55e
13219,Class1,2024/11/25 20:41,Error1,0,Question_x2Fy7rZ3SwYl9jMQkpOD,Method_gj1NLb4Jn7URf9K2kQPd,0,2,e89cdaa3f159a0d3f55e
13222,Class1,2024/11/25 20:40,Error1,0,Question_x2Fy7rZ3SwYl9jMQkpOD,Method_m8vwGkEZc3TSW2xqYUoR,0,2,e89cdaa3f159a0d3f55e
13224,Class1,2024/11/25 20:38,Error1,0,Question_x2Fy7rZ3SwYl9jMQkpOD,Method_BXr9AIsPQhwNvyGdZL57,0,5,e89cdaa3f159a0d3f55e
13225,Class1,2024/11/25 20:37,Error1,0,Question_x2Fy7rZ3SwYl9jMQkpOD,Method_gj1NLb4Jn7URf9K2kQPd,0,4,e89cdaa3f159a0d3f55e
13231,Class1,2024/11/25 20:34,Error1,0,Question_x2Fy7rZ3SwYl9jMQkpOD,Method_gj1NLb4Jn7URf9K2kQPd,0,2,e89cdaa3f159a0d3f55e
13236,Class1,2024/11/25 20:32,Error1,0,Question_x2Fy7rZ3SwYl9jMQkpOD,Method_BXr9AIsPQhwNvyGdZL57,0,1,e89cdaa3f159a0d3f55e
13239,Class1,2024/11/25 20:30,Error1,0,Question_x2Fy7rZ3SwYl9jMQkpOD,Method_BXr9AIsPQhwNvyGdZL57,0,3,e89cdaa3f159a0d3f55e
13241,Class1,2024/11/25 20:27,Error1,0,Question_x2Fy7rZ3SwYl9jMQkpOD,Method_gj1NLb4Jn7URf9K2kQPd,0,3,e89cdaa3f159a0d3f55e
13243,Class1,2024/11/25 20:18,Error1,0,Question_x2Fy7rZ3SwYl9jMQkpOD,Method_gj1NLb4Jn7URf9K2kQPd,0,5,e89cdaa3f159a0d3f55e
13244,Class1,2024/11/25 20:18,Error1,0,Question_x2Fy7rZ3SwYl9jMQkpOD,Method_BXr9AIsPQhwNvyGdZL57,0,3,e89cdaa3f159a0d3f55e
13245,Class1,2024/11/25 20:12,Partially_Correct,2,Question_62XbhBvJ8NUSnApgDL94,Method_m8vwGkEZc3TSW2xqYUoR,196,3,e89cdaa3f159a0d3f55e
13246,Class1,2024/11/25 20:11,Partially_Correct,2,Question_62XbhBvJ8NUSnApgDL94,Method_gj1NLb4Jn7URf9K2kQPd,312,3,e89cdaa3f159a0d3f55e
13247,Class1,2024/11/25 20:10,Partially_Correct,2,Question_62XbhBvJ8NUSnApgDL94,Method_gj1NLb4Jn7URf9K2kQPd,364,3,e89cdaa3f159a0d3f55e
13248,Class1,2024/11/25 20:10,Absolutely_Error,0,Question_x2Fy7rZ3SwYl9jMQkpOD,Method_m8vwGkEZc3TSW2xqYUoR,640,3,e89cdaa3f159a0d3f55e
13249,Class1,2024/11/25 20:10,Absolutely_Error,0,Question_x2Fy7rZ3SwYl9jMQkpOD,Method_m8vwGkEZc3TSW2xqYUoR,320,3,e89cdaa3f159a0d3f55e
13250,Class1,2024/11/25 20:09,Absolutely_Error,0,Question_x2Fy7rZ3SwYl9jMQkpOD,Method_BXr9AIsPQhwNvyGdZL57,364,2,e89cdaa3f159a0d3f55e
13251,Class1,2024/11/25 20:01,Absolutely_Error,0,Question_x2Fy7rZ3SwYl9jMQkpOD,Method_5Q4KoXthUuYz3bvrTDFm,368,3,e89cdaa3f159a0d3f55e
13253,Class1,2024/11/25 20:00,Absolutely_Error,0,Question_x2Fy7rZ3SwYl9jMQkpOD,Method_BXr9AIsPQhwNvyGdZL57,336,3,e89cdaa3f159a0d3f55e
13258,Class1,2024/11/25 19:59,Absolutely_Error,0,Question_x2Fy7rZ3SwYl9jMQkpOD,Method_m8vwGkEZc3TSW2xqYUoR,336,3,e89cdaa3f159a0d3f55e
13259,Class1,2024/11/25 19:58,Absolutely_Error,0,Question_x2Fy7rZ3SwYl9jMQkpOD,Method_Cj9Ya2R7fZd6xs1q5mNQ,344,3,e89cdaa3f159a0d3f55e
13260,Class1,2024/11/25 19:55,Absolutely_Error,0,Question_x2Fy7rZ3SwYl9jMQkpOD,Method_Cj9Ya2R7fZd6xs1q5mNQ,348,3,e89cdaa3f159a0d3f55e
13262,Class1,2024/11/25 19:43,Absolutely_Error,0,Question_x2Fy7rZ3SwYl9jMQkpOD,Method_5Q4KoXthUuYz3bvrTDFm,452,3,e89cdaa3f159a0d3f55e
13263,Class1,2024/11/25 19:37,Absolutely_Error,0,Question_x2Fy7rZ3SwYl9jMQkpOD,Method_BXr9AIsPQhwNvyGdZL57,296,3,e89cdaa3f159a0d3f55e
13264,Class1,2024/11/25 19:37,Error3,0,Question_x2Fy7rZ3SwYl9jMQkpOD,Method_gj1NLb4Jn7URf9K2kQPd,464,3,e89cdaa3f159a0d3f55e
13265,Class1,2024/11/25 19:36,Absolutely_Error,0,Question_x2Fy7rZ3SwYl9jMQkpOD,Method_5Q4KoXthUuYz3bvrTDFm,368,3,e89cdaa3f159a0d3f55e
13266,Class1,2024/11/25 19:33,Absolutely_Error,0,Question_x2Fy7rZ3SwYl9jMQkpOD,Method_5Q4KoXthUuYz3bvrTDFm,344,3,e89cdaa3f159a0d3f55e
13267,Class1,2024/11/25 19:32,Absolutely_Error,0,Question_x2Fy7rZ3SwYl9jMQkpOD,Method_m8vwGkEZc3TSW2xqYUoR,352,3,e89cdaa3f159a0d3f55e
13268,Class1,2024/11/25 19:30,Absolutely_Error,0,Question_x2Fy7rZ3SwYl9jMQkpOD,Method_m8vwGkEZc3TSW2xqYUoR,344,3,e89cdaa3f159a0d3f55e
13429,Class1,2024/12/26 20:55,Absolutely_Correct,4,Question_FNg8X9v5zcbB1tQrxHR3,Method_5Q4KoXthUuYz3bvrTDFm,328,3,e89cdaa3f159a0d3f55e
13430,Class1,2024/12/26 20:54,Absolutely_Correct,4,Question_FNg8X9v5zcbB1tQrxHR3,Method_m8vwGkEZc3TSW2xqYUoR,352,2,e89cdaa3f159a0d3f55e
13431,Class1,2024/12/26 20:53,Absolutely_Correct,4,Question_FNg8X9v5zcbB1tQrxHR3,Method_gj1NLb4Jn7URf9K2kQPd,336,2,e89cdaa3f159a0d3f55e
13432,Class1,2024/12/26 20:53,Absolutely_Correct,4,Question_FNg8X9v5zcbB1tQrxHR3,Method_Cj9Ya2R7fZd6xs1q5mNQ,312,3,e89cdaa3f159a0d3f55e
13433,Class1,2024/12/26 20:52,Absolutely_Error,0,Question_FNg8X9v5zcbB1tQrxHR3,Method_Cj9Ya2R7fZd6xs1q5mNQ,320,3,e89cdaa3f159a0d3f55e
13434,Class1,2024/12/26 20:52,Absolutely_Correct,4,Question_FNg8X9v5zcbB1tQrxHR3,Method_5Q4KoXthUuYz3bvrTDFm,640,3,e89cdaa3f159a0d3f55e
13435,Class1,2024/12/26 20:52,Absolutely_Correct,4,Question_FNg8X9v5zcbB1tQrxHR3,Method_gj1NLb4Jn7URf9K2kQPd,324,3,e89cdaa3f159a0d3f55e
13436,Class1,2024/12/26 20:52,Error2,0,Question_FNg8X9v5zcbB1tQrxHR3,Method_m8vwGkEZc3TSW2xqYUoR,320,2,e89cdaa3f159a0d3f55e
13437,Class1,2024/12/26 20:52,Absolutely_Correct,4,Question_FNg8X9v5zcbB1tQrxHR3,Method_gj1NLb4Jn7URf9K2kQPd,348,2,e89cdaa3f159a0d3f55e
13438,Class1,2024/12/26 20:50,Absolutely_Error,0,Question_FNg8X9v5zcbB1tQrxHR3,Method_m8vwGkEZc3TSW2xqYUoR,472,2,e89cdaa3f159a0d3f55e
13439,Class1,2024/12/26 20:50,Error1,0,Question_FNg8X9v5zcbB1tQrxHR3,Method_m8vwGkEZc3TSW2xqYUoR,0,5,e89cdaa3f159a0d3f55e
13440,Class1,2024/12/26 20:46,Absolutely_Error,0,Question_FNg8X9v5zcbB1tQrxHR3,Method_5Q4KoXthUuYz3bvrTDFm,328,3,e89cdaa3f159a0d3f55e
13441,Class1,2024/12/26 20:45,Absolutely_Error,0,Question_FNg8X9v5zcbB1tQrxHR3,Method_BXr9AIsPQhwNvyGdZL57,324,3,e89cdaa3f159a0d3f55e
13442,Class1,2024/12/26 20:44,Absolutely_Error,0,Question_FNg8X9v5zcbB1tQrxHR3,Method_m8vwGkEZc3TSW2xqYUoR,344,2,e89cdaa3f159a0d3f55e
13443,Class1,2024/12/26 20:43,Absolutely_Error,0,Question_FNg8X9v5zcbB1tQrxHR3,Method_5Q4KoXthUuYz3bvrTDFm,500,3,e89cdaa3f159a0d3f55e
13444,Class1,2024/12/26 20:43,Error1,0,Question_FNg8X9v5zcbB1tQrxHR3,Method_m8vwGkEZc3TSW2xqYUoR,0,3,e89cdaa3f159a0d3f55e
13445,Class1,2024/12/26 20:41,Error1,0,Question_FNg8X9v5zcbB1tQrxHR3,Method_Cj9Ya2R7fZd6xs1q5mNQ,0,3,e89cdaa3f159a0d3f55e
13446,Class1,2024/12/26 20:40,Absolutely_Error,0,Question_FNg8X9v5zcbB1tQrxHR3,Method_gj1NLb4Jn7URf9K2kQPd,316,2,e89cdaa3f159a0d3f55e
13447,Class1,2024/12/26 20:39,Absolutely_Correct,3,Question_xqlJkmRaP0otZcX4fK3W,Method_m8vwGkEZc3TSW2xqYUoR,196,2,e89cdaa3f159a0d3f55e
13448,Class1,2024/12/26 20:38,Error2,0,Question_xqlJkmRaP0otZcX4fK3W,Method_5Q4KoXthUuYz3bvrTDFm,200,2,e89cdaa3f159a0d3f55e
13449,Class1,2024/12/26 20:38,Absolutely_Correct,3,Question_xqlJkmRaP0otZcX4fK3W,Method_Cj9Ya2R7fZd6xs1q5mNQ,188,2,e89cdaa3f159a0d3f55e
13450,Class1,2024/12/26 20:37,Absolutely_Correct,3,Question_xqlJkmRaP0otZcX4fK3W,Method_m8vwGkEZc3TSW2xqYUoR,192,3,e89cdaa3f159a0d3f55e
13451,Class1,2024/12/26 20:36,Absolutely_Error,0,Question_xqlJkmRaP0otZcX4fK3W,Method_gj1NLb4Jn7URf9K2kQPd,188,3,e89cdaa3f159a0d3f55e
13452,Class1,2024/12/26 20:35,Absolutely_Error,0,Question_xqlJkmRaP0otZcX4fK3W,Method_BXr9AIsPQhwNvyGdZL57,320,2,e89cdaa3f159a0d3f55e
13453,Class1,2024/12/26 20:33,Absolutely_Error,0,Question_xqlJkmRaP0otZcX4fK3W,Method_5Q4KoXthUuYz3bvrTDFm,192,2,e89cdaa3f159a0d3f55e
13454,Class1,2024/12/26 20:31,Absolutely_Error,0,Question_xqlJkmRaP0otZcX4fK3W,Method_5Q4KoXthUuYz3bvrTDFm,192,2,e89cdaa3f159a0d3f55e
13455,Class1,2024/12/26 20:30,Absolutely_Error,0,Question_xqlJkmRaP0otZcX4fK3W,Method_Cj9Ya2R7fZd6xs1q5mNQ,324,3,e89cdaa3f159a0d3f55e
13456,Class1,2024/12/26 20:25,Absolutely_Error,0,Question_xqlJkmRaP0otZcX4fK3W,Method_Cj9Ya2R7fZd6xs1q5mNQ,320,2,e89cdaa3f159a0d3f55e
13457,Class1,2024/12/26 20:23,Absolutely_Error,0,Question_xqlJkmRaP0otZcX4fK3W,Method_m8vwGkEZc3TSW2xqYUoR,368,3,e89cdaa3f159a0d3f55e
13458,Class1,2024/12/26 20:23,Absolutely_Error,0,Question_xqlJkmRaP0otZcX4fK3W,Method_gj1NLb4Jn7URf9K2kQPd,352,2,e89cdaa3f159a0d3f55e
13619,Class1,2024/11/23 18:08,Partially_Correct,2,Question_62XbhBvJ8NUSnApgDL94,Method_m8vwGkEZc3TSW2xqYUoR,192,3,e89cdaa3f159a0d3f55e
13622,Class1,2024/11/23 18:04,Partially_Correct,2,Question_62XbhBvJ8NUSnApgDL94,Method_BXr9AIsPQhwNvyGdZL57,360,2,e89cdaa3f159a0d3f55e
13623,Class1,2024/11/23 17:57,Partially_Correct,2,Question_62XbhBvJ8NUSnApgDL94,Method_Cj9Ya2R7fZd6xs1q5mNQ,312,2,e89cdaa3f159a0d3f55e
13624,Class1,2024/11/23 17:51,Partially_Correct,2,Question_62XbhBvJ8NUSnApgDL94,Method_gj1NLb4Jn7URf9K2kQPd,196,2,e89cdaa3f159a0d3f55e
13625,Class1,2024/11/23 17:44,Partially_Correct,2,Question_62XbhBvJ8NUSnApgDL94,Method_gj1NLb4Jn7URf9K2kQPd,328,2,e89cdaa3f159a0d3f55e
13626,Class1,2024/11/23 17:43,Partially_Correct,2,Question_62XbhBvJ8NUSnApgDL94,Method_m8vwGkEZc3TSW2xqYUoR,188,2,e89cdaa3f159a0d3f55e
13631,Class1,2024/11/23 17:37,Partially_Correct,2,Question_62XbhBvJ8NUSnApgDL94,Method_5Q4KoXthUuYz3bvrTDFm,332,3,e89cdaa3f159a0d3f55e
13633,Class1,2024/11/23 17:31,Partially_Correct,2,Question_62XbhBvJ8NUSnApgDL94,Method_5Q4KoXthUuYz3bvrTDFm,316,2,e89cdaa3f159a0d3f55e
13634,Class1,2024/11/23 17:30,Partially_Correct,2,Question_62XbhBvJ8NUSnApgDL94,Method_Cj9Ya2R7fZd6xs1q5mNQ,324,2,e89cdaa3f159a0d3f55e
13635,Class1,2024/11/23 17:28,Partially_Correct,2,Question_62XbhBvJ8NUSnApgDL94,Method_gj1NLb4Jn7URf9K2kQPd,8632,13,e89cdaa3f159a0d3f55e
13636,Class1,2024/11/23 17:26,Partially_Correct,2,Question_62XbhBvJ8NUSnApgDL94,Method_5Q4KoXthUuYz3bvrTDFm,8516,12,e89cdaa3f159a0d3f55e
13637,Class1,2024/11/23 17:22,Partially_Correct,2,Question_62XbhBvJ8NUSnApgDL94,Method_5Q4KoXthUuYz3bvrTDFm,448,3,e89cdaa3f159a0d3f55e
13638,Class1,2024/11/23 17:21,Partially_Correct,2,Question_62XbhBvJ8NUSnApgDL94,Method_Cj9Ya2R7fZd6xs1q5mNQ,8516,12,e89cdaa3f159a0d3f55e
13639,Class1,2024/11/23 17:15,Error3,0,Question_62XbhBvJ8NUSnApgDL94,Method_5Q4KoXthUuYz3bvrTDFm,312,3,e89cdaa3f159a0d3f55e
13640,Class1,2024/11/23 17:13,Error3,0,Question_62XbhBvJ8NUSnApgDL94,Method_5Q4KoXthUuYz3bvrTDFm,388,3,e89cdaa3f159a0d3f55e
13641,Class1,2024/11/23 17:04,Error3,0,Question_62XbhBvJ8NUSnApgDL94,Method_5Q4KoXthUuYz3bvrTDFm,336,3,e89cdaa3f159a0d3f55e
13642,Class1,2024/11/23 17:04,Error3,0,Question_62XbhBvJ8NUSnApgDL94,Method_5Q4KoXthUuYz3bvrTDFm,456,2,e89cdaa3f159a0d3f55e
13643,Class1,2024/11/23 17:00,Error3,0,Question_62XbhBvJ8NUSnApgDL94,Method_Cj9Ya2R7fZd6xs1q5mNQ,324,2,e89cdaa3f159a0d3f55e
13644,Class1,2024/11/23 17:00,Error1,0,Question_62XbhBvJ8NUSnApgDL94,Method_Cj9Ya2R7fZd6xs1q5mNQ,0,2,e89cdaa3f159a0d3f55e
13645,Class1,2024/11/23 16:59,Error1,0,Question_62XbhBvJ8NUSnApgDL94,Method_5Q4KoXthUuYz3bvrTDFm,0,5,e89cdaa3f159a0d3f55e
13646,Class1,2024/11/23 16:59,Error3,0,Question_62XbhBvJ8NUSnApgDL94,Method_5Q4KoXthUuYz3bvrTDFm,328,3,e89cdaa3f159a0d3f55e
13647,Class1,2024/11/23 16:58,Error3,0,Question_62XbhBvJ8NUSnApgDL94,Method_BXr9AIsPQhwNvyGdZL57,464,3,e89cdaa3f159a0d3f55e
14090,Class1,2024/11/21 21:10,Absolutely_Error,0,Question_62XbhBvJ8NUSnApgDL94,Method_gj1NLb4Jn7URf9K2kQPd,336,3,e89cdaa3f159a0d3f55e
14201,Class1,2024/11/21 15:56,Absolutely_Correct,3,Question_Mh4CZIsrEfxkP1wXtOYV,Method_m8vwGkEZc3TSW2xqYUoR,320,2,e89cdaa3f159a0d3f55e
14202,Class1,2024/11/21 15:51,Error1,0,Question_Mh4CZIsrEfxkP1wXtOYV,Method_5Q4KoXthUuYz3bvrTDFm,0,1,e89cdaa3f159a0d3f55e
14204,Class1,2024/11/21 15:46,Error1,0,Question_Mh4CZIsrEfxkP1wXtOYV,Method_m8vwGkEZc3TSW2xqYUoR,0,3,e89cdaa3f159a0d3f55e
14205,Class1,2024/11/21 15:46,Error1,0,Question_Mh4CZIsrEfxkP1wXtOYV,Method_BXr9AIsPQhwNvyGdZL57,0,2,e89cdaa3f159a0d3f55e
14209,Class1,2024/11/21 15:44,Error1,0,Question_Mh4CZIsrEfxkP1wXtOYV,Method_5Q4KoXthUuYz3bvrTDFm,0,3,e89cdaa3f159a0d3f55e
14216,Class1,2024/11/21 15:34,Error1,0,Question_Mh4CZIsrEfxkP1wXtOYV,Method_5Q4KoXthUuYz3bvrTDFm,0,1,e89cdaa3f159a0d3f55e
14230,Class1,2024/11/21 15:06,Error1,0,Question_Mh4CZIsrEfxkP1wXtOYV,Method_m8vwGkEZc3TSW2xqYUoR,0,2,e89cdaa3f159a0d3f55e
14231,Class1,2024/11/21 15:00,Error1,0,Question_Mh4CZIsrEfxkP1wXtOYV,Method_m8vwGkEZc3TSW2xqYUoR,0,5,e89cdaa3f159a0d3f55e
14233,Class1,2024/11/21 14:58,Error1,0,Question_Mh4CZIsrEfxkP1wXtOYV,Method_5Q4KoXthUuYz3bvrTDFm,0,5,e89cdaa3f159a0d3f55e
14234,Class1,2024/11/21 14:58,Error1,0,Question_Mh4CZIsrEfxkP1wXtOYV,Method_m8vwGkEZc3TSW2xqYUoR,0,2,e89cdaa3f159a0d3f55e
14255,Class1,2024/11/21 14:40,Error1,0,Question_Mh4CZIsrEfxkP1wXtOYV,Method_Cj9Ya2R7fZd6xs1q5mNQ,0,2,e89cdaa3f159a0d3f55e
14261,Class1,2024/11/21 14:33,Error1,0,Question_Mh4CZIsrEfxkP1wXtOYV,Method_gj1NLb4Jn7URf9K2kQPd,0,5,e89cdaa3f159a0d3f55e
14264,Class1,2024/11/21 14:31,Error1,0,Question_Mh4CZIsrEfxkP1wXtOYV,Method_gj1NLb4Jn7URf9K2kQPd,0,5,e89cdaa3f159a0d3f55e
14266,Class1,2024/11/21 14:19,Error1,0,Question_Mh4CZIsrEfxkP1wXtOYV,Method_gj1NLb4Jn7URf9K2kQPd,0,1,e89cdaa3f159a0d3f55e
14267,Class1,2024/11/21 14:17,Error1,0,Question_Mh4CZIsrEfxkP1wXtOYV,Method_m8vwGkEZc3TSW2xqYUoR,0,3,e89cdaa3f159a0d3f55e
14334,Class1,2024/11/21 1:03,Absolutely_Error,0,Question_Mh4CZIsrEfxkP1wXtOYV,Method_BXr9AIsPQhwNvyGdZL57,328,4,e89cdaa3f159a0d3f55e
14335,Class1,2024/11/21 0:25,Absolutely_Correct,3,Question_Ej5mBw9rsOUKkFycGvz2,Method_5Q4KoXthUuYz3bvrTDFm,196,5,e89cdaa3f159a0d3f55e
14336,Class1,2024/11/21 0:24,Absolutely_Correct,3,Question_Ej5mBw9rsOUKkFycGvz2,Method_BXr9AIsPQhwNvyGdZL57,364,3,e89cdaa3f159a0d3f55e
14337,Class1,2024/11/21 0:24,Absolutely_Correct,3,Question_Ej5mBw9rsOUKkFycGvz2,Method_m8vwGkEZc3TSW2xqYUoR,328,4,e89cdaa3f159a0d3f55e
14338,Class1,2024/11/21 0:24,Absolutely_Correct,3,Question_Ej5mBw9rsOUKkFycGvz2,Method_BXr9AIsPQhwNvyGdZL57,328,3,e89cdaa3f159a0d3f55e
14339,Class1,2024/11/21 0:23,Absolutely_Correct,3,Question_Ej5mBw9rsOUKkFycGvz2,Method_Cj9Ya2R7fZd6xs1q5mNQ,344,5,e89cdaa3f159a0d3f55e
14340,Class1,2024/11/21 0:23,Absolutely_Correct,3,Question_Ej5mBw9rsOUKkFycGvz2,Method_Cj9Ya2R7fZd6xs1q5mNQ,196,4,e89cdaa3f159a0d3f55e
14341,Class1,2024/11/21 0:22,Absolutely_Correct,3,Question_Ej5mBw9rsOUKkFycGvz2,Method_Cj9Ya2R7fZd6xs1q5mNQ,328,5,e89cdaa3f159a0d3f55e
14342,Class1,2024/11/21 0:20,Error1,0,Question_Ej5mBw9rsOUKkFycGvz2,Method_m8vwGkEZc3TSW2xqYUoR,0,4,e89cdaa3f159a0d3f55e
14343,Class1,2024/11/21 0:18,Error1,0,Question_Ej5mBw9rsOUKkFycGvz2,Method_m8vwGkEZc3TSW2xqYUoR,0,2,e89cdaa3f159a0d3f55e
14344,Class1,2024/11/21 0:18,Error1,0,Question_Ej5mBw9rsOUKkFycGvz2,Method_m8vwGkEZc3TSW2xqYUoR,0,5,e89cdaa3f159a0d3f55e
14345,Class1,2024/11/21 0:17,Error1,0,Question_Ej5mBw9rsOUKkFycGvz2,Method_m8vwGkEZc3TSW2xqYUoR,0,4,e89cdaa3f159a0d3f55e
14346,Class1,2024/11/21 0:16,Error1,0,Question_Ej5mBw9rsOUKkFycGvz2,Method_Cj9Ya2R7fZd6xs1q5mNQ,0,1,e89cdaa3f159a0d3f55e
14347,Class1,2024/11/21 0:15,Error1,0,Question_Ej5mBw9rsOUKkFycGvz2,Method_Cj9Ya2R7fZd6xs1q5mNQ,0,4,e89cdaa3f159a0d3f55e
14348,Class1,2024/11/21 0:13,Error1,0,Question_Ej5mBw9rsOUKkFycGvz2,Method_m8vwGkEZc3TSW2xqYUoR,0,3,e89cdaa3f159a0d3f55e
14349,Class1,2024/11/21 0:12,Error1,0,Question_Ej5mBw9rsOUKkFycGvz2,Method_Cj9Ya2R7fZd6xs1q5mNQ,0,1,e89cdaa3f159a0d3f55e
14350,Class1,2024/11/21 0:10,Error1,0,Question_Ej5mBw9rsOUKkFycGvz2,Method_5Q4KoXthUuYz3bvrTDFm,0,3,e89cdaa3f159a0d3f55e
14351,Class1,2024/11/21 0:09,Error1,0,Question_Ej5mBw9rsOUKkFycGvz2,Method_Cj9Ya2R7fZd6xs1q5mNQ,0,4,e89cdaa3f159a0d3f55e
14352,Class1,2024/11/21 0:04,Error1,0,Question_Ej5mBw9rsOUKkFycGvz2,Method_BXr9AIsPQhwNvyGdZL57,0,4,e89cdaa3f159a0d3f55e
14353,Class1,2024/11/21 0:04,Error1,0,Question_Ej5mBw9rsOUKkFycGvz2,Method_BXr9AIsPQhwNvyGdZL57,0,5,e89cdaa3f159a0d3f55e
14357,Class1,2024/11/20 23:02,Error1,0,Question_Ej5mBw9rsOUKkFycGvz2,Method_5Q4KoXthUuYz3bvrTDFm,0,3,e89cdaa3f159a0d3f55e
14369,Class1,2024/11/20 22:43,Absolutely_Correct,3,Question_pVKXjZn0BkSwYcsa7C31,Method_5Q4KoXthUuYz3bvrTDFm,348,5,e89cdaa3f159a0d3f55e
14371,Class1,2024/11/20 22:42,Partially_Correct,1,Question_pVKXjZn0BkSwYcsa7C31,Method_gj1NLb4Jn7URf9K2kQPd,488,5,e89cdaa3f159a0d3f55e
14372,Class1,2024/11/20 22:40,Error3,0,Question_pVKXjZn0BkSwYcsa7C31,Method_5Q4KoXthUuYz3bvrTDFm,348,6,e89cdaa3f159a0d3f55e
14375,Class1,2024/11/20 22:38,Partially_Correct,1,Question_pVKXjZn0BkSwYcsa7C31,Method_5Q4KoXthUuYz3bvrTDFm,200,4,e89cdaa3f159a0d3f55e
14376,Class1,2024/11/20 22:38,Partially_Correct,1,Question_pVKXjZn0BkSwYcsa7C31,Method_Cj9Ya2R7fZd6xs1q5mNQ,368,6,e89cdaa3f159a0d3f55e
14377,Class1,2024/11/20 22:37,Error3,0,Question_pVKXjZn0BkSwYcsa7C31,Method_5Q4KoXthUuYz3bvrTDFm,352,5,e89cdaa3f159a0d3f55e
14378,Class1,2024/11/20 22:37,Error3,0,Question_pVKXjZn0BkSwYcsa7C31,Method_BXr9AIsPQhwNvyGdZL57,352,4,e89cdaa3f159a0d3f55e
14379,Class1,2024/11/20 22:36,Error3,0,Question_pVKXjZn0BkSwYcsa7C31,Method_BXr9AIsPQhwNvyGdZL57,380,5,e89cdaa3f159a0d3f55e
14383,Class1,2024/11/20 22:22,Absolutely_Error,0,Question_pVKXjZn0BkSwYcsa7C31,Method_5Q4KoXthUuYz3bvrTDFm,324,6,e89cdaa3f159a0d3f55e
14384,Class1,2024/11/20 22:21,Error1,0,Question_pVKXjZn0BkSwYcsa7C31,Method_m8vwGkEZc3TSW2xqYUoR,0,4,e89cdaa3f159a0d3f55e
14387,Class1,2024/11/20 22:20,Absolutely_Error,0,Question_pVKXjZn0BkSwYcsa7C31,Method_Cj9Ya2R7fZd6xs1q5mNQ,324,7,e89cdaa3f159a0d3f55e
14388,Class1,2024/11/20 22:20,Absolutely_Error,0,Question_pVKXjZn0BkSwYcsa7C31,Method_m8vwGkEZc3TSW2xqYUoR,328,5,e89cdaa3f159a0d3f55e
14389,Class1,2024/11/20 22:20,Absolutely_Error,0,Question_pVKXjZn0BkSwYcsa7C31,Method_m8vwGkEZc3TSW2xqYUoR,356,6,e89cdaa3f159a0d3f55e
14395,Class1,2024/11/20 22:15,Partially_Correct,1,Question_pVKXjZn0BkSwYcsa7C31,Method_gj1NLb4Jn7URf9K2kQPd,324,4,e89cdaa3f159a0d3f55e
14397,Class1,2024/11/20 22:14,Partially_Correct,1,Question_pVKXjZn0BkSwYcsa7C31,Method_gj1NLb4Jn7URf9K2kQPd,512,6,e89cdaa3f159a0d3f55e
14399,Class1,2024/11/20 22:14,Partially_Correct,1,Question_pVKXjZn0BkSwYcsa7C31,Method_5Q4KoXthUuYz3bvrTDFm,476,6,e89cdaa3f159a0d3f55e
14400,Class1,2024/11/20 22:14,Error3,0,Question_pVKXjZn0BkSwYcsa7C31,Method_m8vwGkEZc3TSW2xqYUoR,344,10,e89cdaa3f159a0d3f55e
14401,Class1,2024/11/20 22:14,Partially_Correct,1,Question_pVKXjZn0BkSwYcsa7C31,Method_gj1NLb4Jn7URf9K2kQPd,332,8,e89cdaa3f159a0d3f55e
14403,Class1,2024/11/20 22:11,Partially_Correct,1,Question_pVKXjZn0BkSwYcsa7C31,Method_m8vwGkEZc3TSW2xqYUoR,376,9,e89cdaa3f159a0d3f55e
14405,Class1,2024/11/20 22:10,Partially_Correct,1,Question_pVKXjZn0BkSwYcsa7C31,Method_Cj9Ya2R7fZd6xs1q5mNQ,328,6,e89cdaa3f159a0d3f55e
14407,Class1,2024/11/20 22:09,Error4,0,Question_pVKXjZn0BkSwYcsa7C31,Method_5Q4KoXthUuYz3bvrTDFm,384,7,e89cdaa3f159a0d3f55e
14408,Class1,2024/11/20 22:08,Partially_Correct,1,Question_pVKXjZn0BkSwYcsa7C31,Method_5Q4KoXthUuYz3bvrTDFm,324,5,e89cdaa3f159a0d3f55e
14409,Class1,2024/11/20 22:08,Error3,0,Question_pVKXjZn0BkSwYcsa7C31,Method_Cj9Ya2R7fZd6xs1q5mNQ,324,8,e89cdaa3f159a0d3f55e
14410,Class1,2024/11/20 22:07,Error3,0,Question_pVKXjZn0BkSwYcsa7C31,Method_5Q4KoXthUuYz3bvrTDFm,512,7,e89cdaa3f159a0d3f55e
14512,Class1,2024/11/19 1:33,Absolutely_Correct,3,Question_QRm48lXxzdP7Tn1WgNOf,Method_m8vwGkEZc3TSW2xqYUoR,320,2,e89cdaa3f159a0d3f55e
14513,Class1,2024/11/19 1:30,Absolutely_Correct,3,Question_QRm48lXxzdP7Tn1WgNOf,Method_m8vwGkEZc3TSW2xqYUoR,308,2,e89cdaa3f159a0d3f55e
14514,Class1,2024/11/19 1:29,Absolutely_Correct,3,Question_QRm48lXxzdP7Tn1WgNOf,Method_Cj9Ya2R7fZd6xs1q5mNQ,312,2,e89cdaa3f159a0d3f55e
